order,complexity,expression,score,error
9,72,[min(v17-v18); (mean(v98-v103) + (softplus(sigmoid(mean(v61-v98))) + softplus(softplus(sigmoid(mean(v92-v93)))))); (mean(v36-v52) + mean(v36-v52)); (x92 + x92); (min(v21-v76) + (mean(v84-v93) + (x34 * x29))); (((max(v21-v42) + softplus((tanh((min(v99-v100) * (x25 + mean(v8-v69)))) + softplus((sigmoid(softplus(x86)) * softplus((max(v40-v82) * sigmoid(x66)))))))) + (max(v10-v48) * x93)) + mean(v92-v93)); (x47 + max(v47-v64)); ((x34 + mean(v65-v86)) + mean(v63-v65)); (mean(v20-v31) * (((sigmoid(mean(v92-v93)) + x85) + min(v76-v81)) + tanh((x100 + sigmoid(x11)))))],0.0,0.6544234719202058
9,83,[(((x91 * (x58 + mean(v98-v99))) + x59) + x10); (mean(v97-v102) + softplus((sigmoid(softplus(sigmoid(mean(v61-v98)))) + softplus(sigmoid(mean(v92-v93)))))); (mean(v36-v52) + mean(v36-v52)); (x92 + x92); ((min(v21-v76) + (min(v21-v76) + mean(v84-v93))) + (x34 * x29)); (((max(v21-v42) + (tanh((min(v99-v100) * (x25 + mean(v8-v69)))) + softplus((sigmoid(softplus(x86)) * softplus((max(v40-v82) * sigmoid(x66))))))) + (max(v10-v48) * x93)) + mean(v92-v93)); ((tanh(((min(v47-v78) + softplus(max(v46-v101))) + min(v78-v95))) * (x99 * (x47 + x10))) + max(v47-v64)); ((x34 + x34) + (mean(v65-v86) + mean(v63-v65))); mean(v20-v31)],0.0018603075299693699,0.6411678439395899
9,88,[(((x39 + min(v99-v100)) * x91) + (x59 + max(v7-v17))); (mean(v97-v102) + (softplus(softplus(sigmoid((min(v78-v95) + (((softplus(softplus(sigmoid(x3))) * x101) * sigmoid(sigmoid(x65))) * max(v10-v48)))))) + sigmoid(softplus(mean(v63-v98))))); (mean(v36-v52) + mean(v36-v52)); (x91 + x85); (x101 + (min(v47-v78) + (x20 * x20))); ((max(v21-v42) + tanh((min(v99-v100) * (tanh(x45) + (x25 + (max(v33-v56) + mean(v8-v69))))))) + ((softplus(softplus(sigmoid(softplus(mean(v92-v94))))) + (x93 * max(v10-v48))) + mean(v92-v93))); ((tanh((max(v46-v101) + min(v78-v95))) * (x99 * (x47 + x10))) + max(v47-v64)); (min(v12-v18) + (mean(v63-v65) + x34)); mean(v20-v31)],0.011699642772983979,0.604736638988151
9,90,[((mean(v6-v26) + ((x4 + (((tanh(x71) + min(v86-v100)) * softplus(x62)) * (min(v61-v98) + tanh((x29 * (x64 * min(v61-v98))))))) + sigmoid((x35 * x57)))) + min(v21-v32)); ((softplus(1.558) + min(v101-v102)) * softplus((sigmoid(min(v22-v28)) + softplus(max(v13-v71))))); ((x46 + (x10 + x47)) + x47); (max(v88-v96) + max(v88-v96)); (((max(v88-v96) * x14) + ((mean(v4-v11) * x26) * mean(v23-v53))) + min(v101-v102)); (softplus(((x100 + x71) * sigmoid(mean(v31-v66)))) + softplus(x73)); (x10 + (x14 + (x10 + x16))); (((min(v21-v32) + (mean(v30-v60) + min(v21-v32))) + max(v33-v54)) + mean(v23-v53)); ((x80 * x45) + min(v22-v27))],0.13192729713045462,0.4644892716996106
9,94,[(((x91 * (x17 + mean(v102-v103))) + x65) + ((x12 + min(v17-v18)) + x20)); (mean(v99-v103) + (min(v70-v89) + (softplus(sigmoid((mean(v61-v98) + x89))) + softplus(softplus(softplus(sigmoid(mean(v61-v98)))))))); (((x37 + mean(v36-v52)) + mean(v65-v86)) + x37); (x92 + min(v89-v92)); (((x27 + (x34 * x29)) + min(v9-v93)) + (min(v9-v93) + min(v21-v76))); ((max(v21-v42) + (tanh((min(v99-v100) * x25)) + softplus(softplus(softplus((softplus(tanh(x41)) * (softplus(min(v47-v78)) * softplus(max(v40-v82))))))))) + ((max(v10-v48) * x88) + mean(v92-v93))); (tanh((max(v87-v103) * ((x47 + x10) * x99))) + x34); (x34 + (((min(v3-v36) + mean(v65-v84)) + x52) + x40)); min(v12-v18)],0.007030594507274883,0.4516086939409261
9,99,[(mean(v23-v53) + (sigmoid(x35) + (x4 + ((tanh(x71) + min(v86-v100)) * (softplus(x62) * (min(v61-v98) + tanh(((x64 * min(v61-v98)) * x29)))))))); ((softplus(1.558) + min(v101-v102)) * softplus((sigmoid(min(v22-v28)) + softplus(tanh(max(v13-v71)))))); (x46 + ((x11 + x47) + x47)); (max(v98-v101) + max(v88-v96)); (x14 + ((mean(v4-v11) * (x26 * mean(v23-v53))) + min(v101-v102))); (softplus(((softplus(((max(v24-v91) * ((x41 + x9) + ((x100 * x22) + x71))) * sigmoid(tanh(mean(v18-v66))))) + (x100 + x71)) * sigmoid(tanh(mean(v31-v66))))) + softplus(x73)); (x10 + ((x14 + x10) + x16)); ((((min(v21-v32) + mean(v30-v60)) + min(v21-v32)) + max(v33-v54)) + mean(v23-v53)); x80],0.003708191736026948,0.4433125823971697
9,100,[(mean(v23-v53) + (sigmoid(x35) + (x4 + ((tanh(x71) + min(v86-v100)) * (softplus(x62) * (min(v61-v98) + tanh(((x64 * min(v61-v98)) * x29)))))))); ((softplus(1.558) + min(v101-v102)) * softplus((sigmoid(min(v22-v28)) + softplus(tanh(max(v13-v71)))))); (x46 + ((x11 + x47) + x47)); (max(v98-v101) + max(v88-v96)); (x14 + ((mean(v4-v11) * (x26 * mean(v23-v53))) + min(v101-v102))); (((softplus((max(v24-v91) * (((x41 + x9) + (x100 + x71)) * sigmoid(tanh(mean(v18-v66)))))) + (x100 + x71)) * sigmoid(tanh(mean(v31-v66)))) + softplus(x73)); (x10 + (x14 + (x10 + x16))); ((((min(v21-v32) + mean(v30-v60)) + min(v21-v32)) + max(v33-v54)) + mean(v23-v53)); ((x80 * x45) + min(v22-v27))],0.14449789976396676,0.3836678579579515
9,101,[(mean(v23-v53) + (sigmoid(x35) + (x4 + ((tanh(x71) + min(v86-v100)) * (softplus(x62) * (min(v61-v98) + tanh(((x64 * min(v61-v98)) * x29)))))))); ((softplus(1.558) + min(v101-v102)) * softplus((sigmoid(min(v22-v28)) + softplus(tanh(max(v13-v71)))))); (x46 + ((x11 + x47) + x47)); (max(v98-v101) + max(v88-v96)); (x14 + ((mean(v4-v11) * (x26 * mean(v23-v53))) + min(v101-v102))); (softplus(((softplus((max(v24-v91) * (((x41 + x9) + (x100 + x71)) * sigmoid(tanh(mean(v18-v66)))))) + (x100 + x71)) * sigmoid(tanh(mean(v31-v66))))) + softplus(x73)); (x10 + (x14 + (x16 + x10))); ((((min(v21-v32) + mean(v30-v60)) + min(v21-v32)) + max(v33-v54)) + mean(v23-v53)); ((x80 * x45) + min(v22-v27))],0.05856325352403827,0.3618442865165284
9,103,[(mean(v23-v53) + (sigmoid(x35) + (x4 + ((tanh(x71) + min(v86-v100)) * (softplus(x62) * (min(v61-v98) + tanh(((x64 * min(v61-v98)) * x29)))))))); ((softplus(1.558) + min(v101-v102)) * softplus((sigmoid(min(v22-v28)) + softplus(tanh(max(v13-v71)))))); (x46 + ((x11 + x47) + x47)); (max(v98-v101) + max(v88-v96)); (x14 + ((mean(v4-v11) * (x26 * mean(v23-v53))) + min(v101-v102))); (softplus(((softplus((max(v24-v91) * (((x41 + x9) + ((x100 * x22) + x71)) * sigmoid(tanh(mean(v18-v66)))))) + (x100 + x71)) * sigmoid(tanh(mean(v31-v66))))) + softplus(x73)); (x10 + (x14 + (x10 + x16))); ((((min(v21-v32) + mean(v30-v60)) + min(v21-v32)) + max(v33-v54)) + mean(v23-v53)); ((x80 * x45) + min(v22-v27))],0.0005435251595330174,0.36145115728376004
9,105,[((mean(v23-v53) + (sigmoid(x35) + (x4 + (((tanh(x71) + min(v86-v100)) * softplus(x62)) * (min(v61-v98) + tanh(((x64 * min(v61-v98)) * x29))))))) + min(v21-v32)); ((softplus(1.441) + min(v101-v102)) * softplus((sigmoid(min(v22-v28)) + softplus(tanh(max(v13-v71)))))); (x46 + ((x11 + x47) + x47)); (max(v98-v101) + max(v88-v96)); (x14 + ((mean(v4-v11) * (x26 * mean(v23-v53))) + min(v101-v102))); (softplus(((softplus((max(v24-v91) * (((x41 + x9) + ((x100 * x22) + x71)) * sigmoid(tanh(mean(v18-v66)))))) + (x100 + x71)) * sigmoid(tanh(mean(v31-v66))))) + softplus(x73)); (x10 + ((x14 + x10) + x16)); ((((min(v21-v32) + mean(v30-v60)) + min(v21-v32)) + max(v33-v54)) + mean(v23-v53)); ((x80 * x45) + min(v22-v27))],0.006996054386626807,0.356428911218745
9,106,[(((x91 * (x17 + mean(v102-v103))) + x65) + ((x12 + min(v17-v18)) + x20)); (mean(v99-v103) + (min(v70-v89) + (softplus(sigmoid((mean(v61-v98) + x89))) + softplus(softplus(softplus(sigmoid(mean(v61-v98)))))))); ((x37 + mean(v36-v52)) + (mean(v65-v86) + x37)); (x92 + min(v89-v92)); (((x27 + (x34 * x29)) + min(v9-v93)) + (min(v9-v93) + min(v21-v76))); ((max(v21-v42) + (tanh((min(v99-v100) * x25)) + softplus(softplus(softplus((softplus(tanh(x41)) * (softplus(min(v47-v78)) * softplus(max(v40-v82))))))))) + ((max(v10-v48) * x88) + mean(v92-v93))); (tanh((max(v87-v103) * ((x47 + x10) * x99))) + (max(v47-v64) + x34)); (x34 + (((min(v3-v36) + mean(v65-v84)) + x52) + x40)); (min(v12-v18) + (((x85 + (mean(v92-v93) + x89)) * mean(v20-v31)) + x91))],0.0003778720568348134,0.35629425213650184
9,107,[((mean(v23-v53) + (sigmoid(x35) + (x4 + (((tanh(x71) + min(v86-v100)) * softplus(x62)) * (min(v61-v98) + tanh(((x64 * min(v61-v98)) * x29))))))) + min(v21-v32)); ((softplus(1.441) + min(v101-v102)) * softplus((sigmoid(min(v22-v28)) + softplus(tanh(max(v13-v71)))))); (x46 + ((x11 + x47) + x47)); (max(v98-v101) + max(v88-v96)); (x14 + ((mean(v4-v11) * (x26 * mean(v23-v53))) + min(v101-v102))); (softplus(((softplus((max(v24-v91) * (((x41 + x9) + ((x100 * x22) + x71)) * sigmoid(tanh(mean(v18-v66)))))) + (x100 + x71)) * sigmoid(tanh(mean(v31-v66))))) + softplus(x73)); (x10 + ((x14 + x10) + (x16 + min(v21-v32)))); ((((min(v21-v32) + mean(v30-v60)) + min(v21-v32)) + max(v33-v54)) + mean(v23-v53)); ((x80 * x45) + min(v22-v27))],0.010412837792843167,0.3526034670043319
9,109,[((mean(v6-v26) + ((x4 + (((tanh(x71) + min(v86-v100)) * softplus(x62)) * (min(v61-v98) + (x29 * tanh((x64 * min(v61-v98))))))) + sigmoid((x35 * x57)))) + min(v21-v32)); ((softplus(1.558) + min(v101-v102)) * softplus((sigmoid(min(v22-v28)) + softplus(max(v13-v71))))); (x46 + ((x10 + x47) + x47)); (max(v88-v96) + max(v88-v96)); ((mean(v4-v11) + ((mean(v4-v11) * x26) * mean(v23-v53))) + min(v101-v102)); (softplus((((softplus((max(v24-v91) * (((x41 + x9) + ((x100 * x22) + x71)) * sigmoid(tanh(softplus(tanh(max(v77-v81)))))))) + x100) + x71) * sigmoid(mean(v31-v66)))) + softplus(x73)); ((x61 + x10) + (x14 + (x10 + x16))); ((min(v21-v32) + (mean(v30-v60) + min(v21-v32))) + (max(v33-v54) + mean(v23-v53))); ((x80 * x45) + min(v22-v27))],0.0044476159323272,0.34948088603942695
9,111,[(((x9 + x9) + tanh(x10)) + min(v29-v45)); (x71 + (((sigmoid(x45) + softplus(softplus(sigmoid(min(v32-v37))))) + (x85 + sigmoid(min(v68-v91)))) + x101)); ((((x98 + x49) + x40) + (x3 + mean(v34-v66))) + min(v10-v76)); (min(v90-v93) + (min(v95-v97) + min(v90-v93))); (((min(v59-v101) + mean(v73-v95)) + ((((mean(v73-v95) + min(v16-v30)) + min(v16-v30)) + x29) + (x1 + x19))) + mean(v88-v100)); ((x93 + min(v69-v84)) + ((x4 * x93) + softplus(softplus((mean(v63-v91) + (((x54 + (tanh((mean(v14-v41) * (x81 + mean(v14-v41)))) + softplus(x39))) + x95) + softplus(mean(v57-v85)))))))); (((x14 + x17) + min(v16-v31)) + min(v16-v31)); (x29 + ((x72 + mean(v60-v65)) + (min(v19-v39) + tanh(x59)))); ((x3 + min(v10-v76)) + ((x74 * mean(v60-v65)) + x84))],0.01535185849548341,0.3389135817339273
9,113,[((min(v10-v17) + (x6 + (min(v17-v19) + mean(v45-v50)))) + (min(v86-v99) * x84)); (((softplus(softplus((x50 + softplus(min(v96-v102))))) + (softplus(((min(v54-v63) * max(v87-v98)) + sigmoid(min(v72-v75)))) + min(v86-v99))) * softplus(tanh((((min(v62-v101) * max(v23-v61)) * x56) + max(v67-v93))))) + x76); (x50 + x48); (x85 + ((x8 + max(v94-v101)) + x86)); ((((x83 * x51) + min(v15-v17)) + ((min(v15-v18) + ((x14 + min(v97-v102)) + x10)) + x12)) + min(v23-v88)); ((sigmoid(x50) + (softplus(x54) + sigmoid(min(v40-v46)))) * (sigmoid(mean(v79-v85)) + (sigmoid(softplus(softplus(x35))) + (mean(v80-v87) + min(v32-v81))))); ((x14 + (x14 + x15)) + x15); (((x45 + x33) + (x33 + x59)) + (min(v72-v93) + min(v32-v37))); ((((min(v39-v72) + x50) * x89) + min(v62-v101)) + min(v37-v103))],0.00842747591066031,0.33324908118554053
9,115,[((min(v10-v17) + (x6 + (min(v17-v19) + mean(v45-v50)))) + (min(v86-v99) * x84)); (((softplus(softplus((x50 + softplus(min(v96-v102))))) + (softplus(((min(v54-v63) * max(v87-v98)) + sigmoid(min(v72-v75)))) + min(v86-v99))) * softplus(tanh((((min(v62-v101) * max(v23-v61)) * x56) + max(v67-v93))))) + x76); (((min(v29-v54) + x36) + x50) + x48); (x85 + ((x8 + max(v94-v101)) + x86)); (((((x83 * x51) + min(v15-v17)) + ((min(v15-v18) + ((x14 + min(v97-v102)) + x10)) + x12)) + min(v23-v88)) + min(v32-v81)); ((sigmoid(x50) + (softplus(x54) + sigmoid(min(v40-v46)))) * (sigmoid(mean(v79-v85)) + ((sigmoid(softplus(softplus(x35))) + mean(v80-v87)) + min(v32-v81)))); (x14 + x15); ((x45 + (x33 + (x33 + x59))) + (min(v72-v93) + min(v32-v37))); ((((min(v39-v72) + x50) * x89) + min(v62-v101)) + min(v37-v103))],0.04173613712302494,0.30656135895093845
9,117,[((min(v10-v17) + (x6 + (min(v17-v19) + mean(v45-v50)))) + (min(v86-v99) * x84)); (((softplus(softplus((x50 + softplus(min(v96-v102))))) + (softplus(((min(v54-v63) * max(v87-v98)) + sigmoid(min(v72-v75)))) + min(v86-v99))) * softplus(tanh((((min(v62-v101) * max(v23-v61)) * x56) + max(v67-v93))))) + x76); (((min(v29-v54) + x36) + x50) + x48); (x85 + ((x8 + max(v94-v101)) + x86)); ((((x83 * x51) + min(v15-v17)) + ((min(v15-v18) + ((x14 + min(v97-v102)) + x10)) + x12)) + min(v23-v88)); ((sigmoid(x50) + (softplus(x54) + sigmoid(min(v40-v46)))) * (sigmoid(mean(v79-v85)) + (sigmoid(softplus(softplus(x35))) + (mean(v80-v87) + min(v32-v81))))); ((x14 + (x14 + x15)) + x15); (((x45 + x33) + (x33 + x59)) + (min(v72-v93) + min(v32-v37))); ((((min(v39-v72) + x50) * x89) + min(v62-v101)) + min(v37-v103))],0.051252599453234786,0.2766941456369573
9,119,[((min(v10-v17) + (x6 + (min(v17-v19) + mean(v45-v50)))) + (min(v86-v99) * x84)); (((softplus(softplus((x50 + softplus(min(v96-v102))))) + (softplus(((min(v54-v63) * max(v87-v98)) + sigmoid(min(v72-v75)))) + min(v86-v99))) * softplus(tanh((((min(v62-v101) * max(v23-v61)) * x56) + max(v67-v93))))) + x76); (((min(v29-v54) + x36) + x50) + x48); (x85 + ((x8 + max(v94-v101)) + x86)); (((((x83 * x51) + min(v15-v17)) + ((min(v15-v18) + ((x14 + min(v97-v102)) + x10)) + x12)) + min(v23-v88)) + min(v32-v81)); ((sigmoid(x50) + (softplus(x54) + sigmoid(min(v40-v46)))) * (sigmoid(mean(v79-v85)) + ((sigmoid(softplus(softplus(x35))) + mean(v80-v87)) + min(v32-v81)))); ((x14 + (x14 + x15)) + x15); ((x45 + (x33 + (x33 + x59))) + (min(v72-v93) + min(v32-v37))); ((((min(v39-v72) + x50) * x89) + min(v62-v101)) + min(v37-v103))],0.002922225663782333,0.2750817365829457
9,121,[((min(v2-v18) + ((x6 + min(v17-v18)) + mean(v46-v50))) + (min(v86-v99) * x84)); (((softplus(softplus((x50 + softplus(min(v96-v102))))) + (softplus(((min(v54-v63) * max(v87-v98)) + sigmoid(min(v72-v75)))) + min(v86-v99))) * softplus(tanh(((min(v62-v101) * (max(v23-v61) * x56)) + max(v67-v93))))) + x76); ((min(v29-v54) + (x36 + x50)) + x48); (x85 + ((x8 + max(v91-v101)) + x86)); ((((x83 * x51) + min(v15-v17)) + (min(v15-v18) + (((x14 + min(v97-v102)) + x10) + x12))) + min(v23-v88)); ((sigmoid(x50) + (softplus(x54) + sigmoid(min(v40-v46)))) * (sigmoid(mean(v79-v85)) + (sigmoid(softplus(softplus(x35))) + (mean(v80-v87) + min(v32-v81))))); ((x14 + (x14 + x15)) + x15); (((x45 + x33) + (x33 + x59)) + (min(v72-v93) + min(v32-v37))); ((((min(v39-v72) + x50) * x89) + (min(v62-v101) + min(v37-v103))) + (x8 + x35))],0.015948400726821566,0.2664459679081617
9,123,[(min(v2-v18) + (((x6 + min(v17-v18)) + mean(v46-v50)) + (min(v86-v99) * x84))); (((softplus(softplus((x50 + softplus(min(v96-v102))))) + (softplus(((min(v54-v63) * max(v87-v98)) + sigmoid(min(v72-v75)))) + min(v86-v99))) * softplus(tanh(((min(v62-v101) * (max(v23-v61) * x56)) + max(v67-v93))))) + x76); ((min(v29-v54) + (x36 + x50)) + x48); (x85 + ((x8 + max(v89-v101)) + x86)); ((min(v14-v86) + (((x83 * x51) + min(v15-v17)) + (min(v15-v18) + (((x14 + min(v97-v102)) + x10) + x12)))) + min(v23-v88)); ((sigmoid(x50) + (softplus(x54) + sigmoid(min(v40-v46)))) * (sigmoid(mean(v79-v85)) + (sigmoid(softplus(softplus(x35))) + (min(v32-v81) + mean(v80-v87))))); (((x14 + x14) + x15) + x15); ((((x45 + x33) + (x33 + x59)) + min(v72-v93)) + min(v32-v37)); (((((min(v39-v72) + x50) * x89) + (min(v62-v101) + min(v37-v103))) + x8) + x35)],0.004633144624973837,0.26398840632296244
9,125,[(min(v2-v18) + (((x6 + min(v17-v18)) + mean(v46-v50)) + (min(v86-v99) * x84))); (((softplus(softplus((x50 + softplus(min(v96-v102))))) + (softplus(((min(v54-v63) * max(v87-v98)) + sigmoid(min(v72-v75)))) + min(v86-v99))) * softplus(tanh(((min(v62-v101) * (max(v23-v61) * x56)) + max(v67-v93))))) + x76); ((min(v29-v54) + (x36 + x50)) + x48); (x85 + (x8 + (max(v89-v101) + x86))); ((((min(v14-v86) + ((x83 * x51) + min(v15-v17))) + (min(v15-v18) + (((x14 + min(v97-v102)) + x10) + x12))) + min(v23-v88)) + x95); ((sigmoid(x50) + (softplus(x54) + sigmoid(min(v40-v46)))) * ((sigmoid(mean(v79-v85)) + sigmoid(softplus(softplus(x35)))) + (min(v32-v81) + mean(v80-v87)))); (x14 + ((x14 + x15) + x15)); (((x45 + x33) + (x33 + x59)) + (min(v72-v93) + min(v32-v37))); ((((min(v39-v72) + x50) * x89) + ((min(v62-v101) + min(v37-v103)) + x8)) + x35)],0.00010731655052432867,0.263931751752863
9,136,[(((softplus(max(v43-v103)) * (min(v40-v48) + tanh((mean(v86-v91) * mean(v61-v98))))) + ((min(v16-v33) + x10) + x9)) + tanh(((x87 + min(v36-v91)) * x86))); (x71 + (softplus(softplus(sigmoid((mean(v39-v88) * mean(v48-v90))))) + ((x101 + softplus(softplus(x70))) + min(v92-v93)))); (x44 + (x2 + ((x44 + min(v37-v46)) + (min(v42-v80) + min(v37-v46))))); (x101 + ((min(v92-v93) + x3) + ((min(v10-v58) * (tanh((x32 * mean(v41-v78))) * x68)) + x84))); ((min(v13-v32) + (x89 + (x21 * x11))) + ((x30 + (min(v36-v91) + min(v36-v91))) + x11)); ((x41 * x93) + (softplus((sigmoid(x59) + softplus((((x33 * min(v45-v60)) + (softplus((min(v35-v49) * x95)) + ((min(v68-v91) + x39) + x95))) + softplus(x41))))) + (x93 + min(v74-v89)))); ((x17 + tanh(x16)) + ((x18 + x16) + x30)); (((min(v37-v44) + min(v19-v39)) + mean(v48-v90)) + (max(v28-v41) + (((min(v14-v47) + min(v14-v47)) + x88) + x40))); x29],0.0019151960451782803,0.25842962085762317
9,137,[(((x6 + (x10 + softplus((tanh(x100) * (x68 + max(v72-v102)))))) + mean(v12-v36)) + x28); (softplus(softplus(softplus(tanh((x51 + ((x18 * (min(v40-v101) + -7.083)) + x51)))))) + (tanh((((mean(v73-v97) + min(v21-v93)) * max(v40-v90)) + softplus(mean(v67-v70)))) + ((x101 + x86) + x71))); ((x3 + max(v78-v79)) + ((x43 + x41) + x41)); ((x88 + x88) + x88); ((x8 + min(v59-v101)) + (((min(v95-v98) + min(v95-v98)) + ((max(v17-v34) + tanh(x19)) * x2)) + ((x8 + min(v59-v101)) + min(v59-v101)))); ((softplus(((x59 + x3) * x92)) + (mean(v73-v95) + min(v55-v81))) + softplus(softplus(((x78 + ((x31 + x39) + softplus(sigmoid(softplus(x53))))) + (max(v30-v65) * x82))))); ((x17 + x17) + (x17 + x17)); (((((min(v9-v33) + x45) + min(v19-v39)) + min(v1-v103)) + (x14 + x38)) + tanh(x60)); (x18 + (x27 + (min(v1-v93) + ((min(v1-v103) + x94) * x43))))],0.045731299965959316,0.24687745926233245
9,139,[((softplus(max(v43-v103)) * (tanh((mean(v86-v88) * mean(v61-v98))) + min(v40-v48))) + (((min(v16-v33) + x10) + x9) + (x97 * tanh(x86)))); (x71 + ((softplus(softplus(sigmoid(tanh(x76)))) + (x101 + softplus(softplus(x70)))) + x85)); ((x44 + ((x2 + x43) + min(v37-v46))) + (min(v42-v80) + min(v37-v46))); ((x91 + (min(v92-v93) + x3)) + ((x68 * min(v10-v58)) + x84)); ((min(v37-v103) + ((x30 + x21) * x11)) + ((x21 + x11) + x91)); ((x41 * x93) + ((sigmoid(x59) + (softplus(softplus((((x33 * min(v45-v60)) + (softplus((min(v35-v49) * x95)) + min(v68-v91))) + (softplus(x41) + (x39 + x95))))) + x93)) + min(v74-v89))); (x17 + ((x16 + (x16 + x16)) + x17)); ((min(v37-v44) + min(v19-v39)) + (((mean(v48-v90) + max(v28-v41)) + (min(v68-v91) + (x40 + min(v14-v47)))) + min(v14-v47))); (((min(v36-v99) + x80) + min(v10-v93)) + ((((min(v46-v103) + x80) * mean(v39-v88)) + x29) + x7))],0.028789773846353048,0.2330638731017774
9,144,[(((softplus(max(v43-v103)) * (min(v40-v48) + tanh((mean(v86-v91) * mean(v61-v98))))) + ((min(v16-v33) + x10) + x9)) + (x87 * tanh(x86))); ((x71 + softplus(softplus(sigmoid((mean(v39-v88) * mean(v48-v90)))))) + ((x101 + softplus(softplus(x70))) + min(v92-v93))); ((x44 + x2) + (((x44 + min(v37-v46)) + min(v42-v80)) + min(v37-v46))); (x101 + ((min(v92-v93) + x3) + ((min(v10-v58) * (tanh((x32 * mean(v41-v78))) * x68)) + x84))); ((((min(v13-v32) + min(v74-v89)) + (x21 * x11)) + (x30 + (min(v36-v91) + min(v36-v91)))) + x11); ((x41 * x93) + (softplus((sigmoid(x59) + softplus(((x33 * min(v45-v60)) + (((softplus((min(v35-v49) * x95)) + min(v68-v91)) + (x39 + x95)) + softplus(x41)))))) + (x93 + min(v74-v89)))); (((x17 + tanh(x16)) + x18) + x16); (((min(v37-v44) + min(v19-v39)) + mean(v48-v90)) + (max(v28-v41) + (((min(v14-v47) + min(v14-v47)) + x88) + x40))); (min(v36-v91) + (x80 + (min(v10-v93) + (((min(v46-v97) + x80) * mean(v39-v88)) + x32))))],0.003778606321166751,0.2287019249411097
9,146,[((softplus(max(v2-v97)) * (tanh((mean(v87-v89) * mean(v61-v98))) + min(v40-v48))) + ((min(v16-v33) + x10) + (x9 + (x97 * tanh(x86))))); (x71 + ((softplus(softplus(sigmoid(tanh(x76)))) + (x101 + softplus(softplus(x70)))) + x85)); (((x44 + (x2 + x43)) + min(v37-v46)) + (min(v42-v80) + min(v37-v46))); ((x91 + (min(v92-v93) + x3)) + ((tanh((x32 * (x72 + mean(v41-v78)))) * (x68 * min(v10-v58))) + x84)); ((min(v37-v103) + (x30 + (x21 * x11))) + ((x21 + x11) + x91)); ((x41 * x93) + ((sigmoid(x59) + (softplus(softplus((((x33 * min(v45-v60)) + (softplus((min(v35-v49) * x95)) + min(v68-v91))) + (softplus(x41) + (x39 + x95))))) + x93)) + min(v74-v89))); (x17 + ((x16 + (x16 + x16)) + x17)); ((min(v37-v44) + min(v19-v39)) + (((mean(v48-v90) + max(v28-v41)) + (min(v68-v91) + (x40 + min(v14-v47)))) + min(v14-v47))); (((min(v36-v99) + x80) + min(v10-v93)) + ((((min(v46-v103) + x80) * mean(v39-v88)) + x29) + x7))],0.012919261669719196,0.2228682956538599
9,148,[((((softplus(max(v43-v103)) * (min(v40-v48) + tanh((mean(v86-v91) * mean(v61-v98))))) + min(v16-v33)) + (x10 + x9)) + (x87 * tanh(x86))); (x71 + ((softplus(softplus(sigmoid(x70))) + (x101 + softplus(softplus(x70)))) + x86)); (((x44 + x2) + ((min(v37-v46) + x44) + min(v42-v80))) + min(v37-v46)); (((min(v92-v93) + x101) + x3) + ((min(v10-v58) * (tanh((x30 * mean(v41-v78))) * x68)) + x84)); ((1.490 * ((min(v13-v32) + (min(v36-v91) + (x21 * x11))) + ((min(v16-v33) + min(v48-v103)) + x11))) + min(v15-v98)); ((x41 * x93) + ((softplus((sigmoid(x59) + softplus(((min(v45-v60) * x33) + ((softplus((min(v35-v49) * x94)) + min(v68-v91)) + ((x39 + x95) + softplus(x41))))))) + x93) + min(v74-v89))); (x16 + (x18 + (x16 + (tanh(x23) + x17)))); (((min(v37-v44) + (min(v19-v39) + mean(v48-v90))) + max(v28-v41)) + (((min(v14-v47) + min(v19-v39)) + x88) + x40)); ((x6 + ((min(v36-v91) + min(v11-v33)) + min(v10-v93))) + (x32 + ((min(v46-v97) + x79) * mean(v39-v88))))],0.003315667839684561,0.22139527063275127
9,152,[((((softplus(max(v43-v103)) * (min(v40-v48) + tanh((mean(v75-v82) * mean(v61-v98))))) + min(v16-v33)) + (x10 + x9)) + (x87 * tanh(x86))); ((x71 + softplus(softplus(sigmoid((mean(v39-v88) * mean(v48-v90)))))) + ((x101 + softplus(softplus(x70))) + x86)); (x44 + (x2 + (x44 + ((min(v37-v46) + min(v42-v80)) + min(v37-v46))))); ((x101 + ((x84 + x3) + (min(v10-v58) * (x68 * tanh((x32 * mean(v41-v78))))))) + x84); (((((min(v31-v97) + (((min(v13-v32) + (min(v74-v89) * min(v31-v97))) + x21) * x11)) + (x30 + min(v36-v95))) + min(v36-v91)) + x19) + x97); ((x41 * x93) + (min(v74-v89) + (softplus((sigmoid(x59) + softplus(((x33 * min(v45-v60)) + (((softplus((min(v35-v49) * x95)) + min(v68-v91)) + (x39 + x95)) + softplus(x41)))))) + x93))); ((x17 + (x16 + x18)) + (x16 + tanh(x23))); ((min(v37-v44) + (min(v19-v39) + mean(v48-v90))) + (((max(v28-v41) + (min(v14-v47) + min(v14-v47))) + x88) + x40)); (((min(v36-v91) + x80) + (((min(v46-v97) + x80) * mean(v39-v88)) + x32)) + min(v36-v91))],0.0008238717284793732,0.22066686629827398
9,153,[((x9 + ((min(v37-v46) + tanh(((min(v65-v89) * x87) + mean(v7-v30)))) * ((min(v1-v86) * min(v59-v86)) + max(v39-v88)))) + mean(v17-v45)); ((x101 + x71) + ((softplus(softplus(softplus((x66 + softplus(x70))))) + sigmoid(x101)) + x90)); ((x40 + (min(v43-v59) + x42)) + ((x42 + x3) + x75)); (((mean(v46-v95) + min(v93-v98)) + ((((x72 + min(v10-v99)) * tanh((softplus((tanh((x73 + x31)) * x86)) + x68))) + min(v91-v93)) + min(v91-v93))) + max(v3-v5)); ((((x13 + (min(v1-v103) + x13)) + ((x34 + x23) * x26)) + x101) + min(v1-v103)); ((min(v69-v84) + ((max(v5-v38) * x93) + x93)) + (softplus(softplus((((x43 + ((min(v55-v73) + x31) * x33)) + min(v59-v101)) + (x79 + min(v31-v103))))) + (min(v54-v73) + softplus(softplus(sigmoid(mean(v34-v38))))))); ((((x87 * mean(v99-v101)) + softplus(sigmoid((max(v39-v88) * (x81 + x96))))) * (x65 + (min(v6-v40) + x17))) + x17); ((((x14 + (x58 + min(v19-v39))) + (x39 + mean(v7-v30))) + x58) + ((x89 + x14) + min(v10-v76))); (mean(v23-v78) + x32)],0.0013081940322821025,0.22037837995985562
9,158,[(((min(v40-v48) + tanh((mean(v10-v18) + (min(v7-v87) + ((x100 + x96) * (mean(v73-v95) + x88)))))) * (max(v39-v88) + (min(v1-v86) * min(v59-v86)))) + x9); ((x101 + (softplus(softplus((x71 + softplus((x70 + softplus(x70)))))) + x90)) + sigmoid(x70)); (((x42 + x40) + (x45 + x3)) + (x42 + x75)); (max(v3-v5) + ((mean(v46-v95) + min(v91-v96)) + ((((x72 + min(v10-v99)) + x6) * tanh((softplus(((x86 * x73) + x31)) + x68))) + (min(v91-v93) + min(v91-v93))))); ((min(v1-v93) + (mean(v99-v101) + ((x13 + (x2 + x14)) + (x34 * x26)))) + mean(v17-v44)); (min(v69-v84) + (x93 + softplus((softplus(softplus(((((x43 + min(v55-v73)) + ((x31 * x33) + min(v59-v101))) + x79) + x44))) + softplus((min(v64-v73) + sigmoid(mean(v32-v38)))))))); ((softplus((sigmoid(mean(v58-v66)) + (mean(v99-v101) * x87))) * ((min(v6-v40) + x65) + x17)) + x17); (x14 + (((x58 + min(v24-v39)) + x39) + ((mean(v7-v30) + (x58 + x89)) + (min(v10-v76) + min(v19-v39))))); (((mean(v32-v38) + x7) + min(v10-v93)) + ((min(v16-v103) * mean(v48-v103)) + min(v16-v103)))],0.0008113585772133562,0.21948616151216246
9,159,[(((min(v40-v48) + tanh((mean(v10-v18) + (min(v7-v87) + (x100 * (mean(v73-v95) + x88)))))) * (max(v39-v88) + (min(v1-v86) * min(v59-v86)))) + (mean(v17-v45) + x9)); ((x101 + softplus(softplus((x71 + softplus((x66 + softplus(x70))))))) + (x90 + sigmoid(x70))); ((x42 + x40) + ((min(v43-v59) + x3) + (x42 + x75))); (max(v3-v5) + ((mean(v46-v95) + min(v91-v96)) + ((((x72 + min(v10-v99)) + x6) * tanh((softplus(((x86 * x73) + x31)) + x68))) + (min(v91-v93) + min(v91-v93))))); (min(v1-v93) + (mean(v99-v101) + ((x13 + (x2 + min(v21-v103))) + ((x34 * x26) + ((x101 * x55) + x13))))); (min(v69-v84) + (x93 + (softplus(softplus((((x43 + (min(v55-v73) + ((x31 * x33) + min(v59-v101)))) + x79) + x44))) + softplus((min(v54-v73) + sigmoid(mean(v32-v38))))))); ((softplus((sigmoid(mean(v58-v66)) + (mean(v99-v101) * x87))) * ((min(v6-v40) + x65) + x17)) + x17); (((x14 + (x58 + min(v19-v39))) + x39) + ((mean(v7-v30) + (x58 + x89)) + (min(v10-v76) + min(v19-v39)))); ((x7 + min(v10-v93)) + ((min(v16-v103) * mean(v48-v103)) + min(v16-v103)))],0.014282546356752331,0.2163736206509821
9,160,[(((min(v40-v48) + tanh((mean(v10-v18) + (min(v7-v87) + ((x100 + x96) * (mean(v73-v95) + x88)))))) * (max(v39-v88) + (min(v1-v86) * min(v59-v86)))) + (mean(v17-v45) + x9)); ((x101 + (softplus(softplus(softplus((x71 + (x70 + softplus(x70)))))) + x101)) + sigmoid(x70)); ((x42 + (x40 + (x45 + x3))) + (x42 + x75)); (max(v3-v5) + (mean(v46-v95) + (min(v91-v96) + ((((x72 + min(v10-v99)) + x6) * tanh((softplus(((x86 * x73) + x31)) + x68))) + (min(v91-v93) + min(v91-v93)))))); (((mean(v99-v101) + ((x13 + (x2 + x14)) + (x34 * x26))) + mean(v17-v44)) + x99); (min(v69-v84) + (x93 + softplus((softplus(softplus(((((x43 + min(v55-v73)) + ((x31 * x33) + min(v59-v101))) + x79) + x44))) + softplus((min(v64-v73) + sigmoid(mean(v32-v38)))))))); ((softplus((sigmoid(mean(v58-v66)) + (x87 * mean(v99-v101)))) * (min(v6-v40) + (x65 + x17))) + x17); (x14 + (((x58 + min(v24-v39)) + x39) + ((mean(v7-v30) + (x58 + x89)) + (min(v10-v76) + min(v19-v39))))); ((mean(v32-v38) + (x7 + min(v10-v93))) + ((min(v16-v103) * mean(v48-v103)) + min(v16-v103)))],0.01915480674075631,0.212268467983152
9,161,[(((min(v40-v48) + tanh((mean(v10-v18) + (min(v7-v87) + ((x100 + x96) * (mean(v73-v95) + x88)))))) * (max(v39-v88) + (min(v1-v86) * min(v59-v86)))) + (mean(v17-v45) + x9)); (((x101 + softplus(softplus((x71 + (x70 + softplus(x70)))))) + x101) + sigmoid(x70)); ((x42 + (x40 + (x45 + x3))) + (x42 + x75)); ((max(v3-v5) + mean(v46-v95)) + (min(v91-v96) + (((x72 + (min(v10-v99) + x6)) * tanh((softplus(((x86 * x73) + x31)) + x68))) + (min(v91-v93) + min(v91-v93))))); ((((min(v1-v93) + mean(v98-v101)) + ((x13 + (x2 + x14)) + (x34 * x26))) + mean(v17-v44)) + x99); (min(v69-v84) + (x93 + softplus((softplus(softplus(((x43 + (min(v55-v73) + ((x31 * x33) + min(v59-v101)))) + (x79 + x44)))) + softplus((min(v64-v73) + sigmoid(mean(v32-v38)))))))); ((softplus((sigmoid(mean(v58-v66)) + (x87 * mean(v99-v101)))) * (min(v6-v40) + (x65 + x17))) + x17); ((x14 + ((x58 + min(v24-v39)) + x39)) + (mean(v7-v30) + ((x58 + x89) + (min(v10-v76) + min(v19-v39))))); (((mean(v32-v38) + x7) + min(v10-v93)) + ((min(v16-v103) * mean(v48-v103)) + min(v16-v103)))],0.002385789358998616,0.2117626437659332
9,162,[(((min(v40-v48) + tanh((mean(v10-v18) + (min(v7-v87) + ((x100 + x96) * (mean(v73-v95) + x88)))))) * (max(v39-v88) + (min(v1-v86) * min(v59-v86)))) + (mean(v17-v45) + x9)); ((x101 + (softplus(softplus((x71 + softplus((x70 + softplus(x70)))))) + x101)) + sigmoid(x70)); (((x42 + x40) + (x45 + x3)) + (x42 + x75)); (max(v3-v5) + (mean(v46-v95) + (min(v91-v96) + ((((x72 + min(v10-v99)) + x6) * tanh((softplus(((x86 * x73) + x31)) + x68))) + (min(v91-v93) + min(v91-v93)))))); ((((min(v1-v93) + mean(v99-v101)) + ((x13 + (x2 + x14)) + (x34 * x26))) + mean(v17-v44)) + x99); (min(v69-v84) + (x93 + softplus((softplus(softplus(((x43 + (min(v55-v73) + ((x31 * x33) + min(v59-v101)))) + (x79 + x44)))) + softplus((min(v64-v73) + sigmoid(mean(v32-v38)))))))); ((softplus((sigmoid(mean(v58-v66)) + (x87 * mean(v99-v101)))) * (min(v6-v40) + (x65 + x17))) + x17); (x14 + (((x58 + min(v24-v39)) + x39) + ((mean(v7-v30) + (x58 + x89)) + (min(v10-v76) + min(v19-v39))))); ((mean(v32-v38) + (x7 + min(v10-v93))) + ((min(v16-v103) * mean(v48-v103)) + min(v16-v103)))],0.017156259696074497,0.20816057621022563
9,167,[(x9 + (((min(v37-v46) + tanh((mean(v7-v30) + (min(v65-v89) * x88)))) * ((min(v1-v86) * min(v59-v86)) + max(v39-v88))) + mean(v17-v45))); ((x101 + x71) + ((softplus(softplus(softplus((x66 + softplus(x70))))) + sigmoid(x101)) + x90)); ((x40 + (min(v43-v59) + x42)) + ((x42 + x3) + x75)); (max(v3-v5) + ((mean(v46-v95) + min(v93-v98)) + (((((mean(v30-v36) + x72) + min(v10-v99)) * tanh((softplus((tanh((x73 + x31)) * x86)) + x68))) + min(v91-v93)) + min(v91-v93)))); (((((x13 + min(v1-v103)) + x13) + ((x34 + x23) * x26)) + x101) + min(v1-v103)); ((min(v69-v84) + ((max(v5-v38) * x93) + x93)) + ((softplus(softplus((((x43 + (min(v55-v73) + (x31 * x33))) + min(v59-v101)) + (x79 + min(v31-v103))))) + min(v54-v73)) + softplus(softplus(sigmoid(mean(v34-v38)))))); ((((x87 * mean(v99-v101)) + softplus(sigmoid((max(v39-v88) * (x81 + x96))))) * ((x65 + min(v6-v40)) + x17)) + x17); (((x14 + (x58 + min(v19-v39))) + ((x39 + mean(v7-v30)) + x58)) + ((x89 + x14) + min(v10-v76))); (min(v13-v32) + ((x84 + min(v12-v32)) + ((min(v10-v93) + ((x91 + mean(v23-v78)) * mean(v39-v94))) + x32)))],0.0005350039091105497,0.207604486706997
9,169,[((x9 + ((min(v37-v46) + tanh((((x83 + min(v65-v89)) * x87) + mean(v7-v30)))) * ((min(v1-v86) * min(v59-v86)) + max(v39-v88)))) + mean(v17-v45)); ((x101 + (x71 + (softplus(softplus(softplus((x66 + softplus(x70))))) + sigmoid(x101)))) + x90); ((x40 + (min(v43-v59) + x42)) + ((x42 + x3) + x75)); (((mean(v46-v95) + min(v93-v98)) + (((x72 + min(v10-v99)) * tanh((softplus((tanh((x73 + x31)) * x86)) + x68))) + (min(v91-v93) + min(v91-v93)))) + max(v3-v5)); (min(v10-v93) + ((((x13 + min(v1-v103)) + x13) + (((x34 + x23) * x26) + x101)) + min(v1-v103))); (((min(v69-v84) + (max(v5-v38) * x93)) + x93) + (softplus(softplus(((((x43 + ((min(v55-v73) + x33) * x33)) + min(v59-v101)) + x79) + min(v31-v103)))) + (min(v54-v73) + softplus(softplus(sigmoid(mean(v34-v38))))))); ((((x87 * mean(v99-v101)) + softplus(sigmoid((max(v39-v88) * (x81 + x96))))) * (x65 + (min(v6-v40) + x17))) + x17); (((x14 + x58) + ((min(v19-v39) + x39) + x23)) + (x58 + ((x89 + x14) + min(v10-v76)))); (((x84 + min(v12-v32)) + ((min(v1-v103) + min(v10-v93)) + ((x91 + mean(v23-v78)) * x102))) + x32)],0.005909906308073914,0.20516508560803995
9,171,[(x9 + (((min(v40-v48) + tanh((((x83 + min(v64-v87)) * x87) + mean(v2-v25)))) * ((min(v1-v86) * min(v59-v86)) + max(v39-v88))) + mean(v17-v45))); ((x101 + (x71 + (softplus(softplus(softplus((x66 + softplus(x70))))) + sigmoid(x101)))) + x90); ((x40 + (min(v43-v59) + x42)) + ((x42 + x3) + x75)); (((mean(v46-v95) + min(v93-v98)) + (((x72 + min(v10-v99)) * tanh((softplus((tanh((x73 + x31)) * x86)) + x68))) + (min(v91-v93) + min(v91-v93)))) + max(v3-v5)); (min(v10-v93) + ((x13 + (min(v1-v103) + x13)) + ((((x34 + x23) * x26) + (x13 + (min(v1-v103) + x13))) + min(v1-v103)))); (((min(v69-v84) + (max(v5-v38) * x93)) + x93) + (softplus(softplus((((x43 + ((min(v55-v73) + x33) * x33)) + (min(v59-v101) + x79)) + min(v31-v103)))) + (min(v54-v73) + softplus(softplus(sigmoid(mean(v34-v38))))))); ((((x87 * mean(v99-v101)) + softplus(sigmoid(x96))) * (x65 + (min(v6-v40) + x17))) + x17); (((x14 + x58) + (min(v19-v39) + (x39 + x23))) + (x58 + (x89 + (x14 + min(v10-v76))))); ((min(v13-v32) + ((x84 + min(v12-v32)) + (min(v1-v103) + (min(v10-v93) + ((x91 + mean(v23-v78)) * x102))))) + x32)],0.003858570245527916,0.2035878913607156
9,173,[((min(v10-v17) + (((tanh((((min(v1-v77) + x84) + min(v8-v71)) * min(v1-v103))) + max(v1-v103)) * (tanh((min(v1-v83) + (x84 * (mean(v100-v101) + x84)))) + x59)) + x5)) + (x63 + x13)); (((mean(v102-v103) + (x101 + sigmoid(((max(v35-v75) + x44) * (mean(v101-v102) + mean(v101-v102)))))) + (x68 + x71)) + (softplus(min(v3-v103)) + softplus(softplus(softplus(x69))))); (((x42 + x42) + x3) + (max(v8-v9) + ((x42 + x42) + (x20 * x76)))); (x85 + (x85 + (max(v5-v6) + max(v7-v9)))); ((9.173 * min(v1-v103)) + (max(v8-v9) * ((min(v1-v87) * (3.974 * min(v31-v83))) + (min(v7-v17) * min(v6-v18))))); (softplus(softplus((softplus(((x39 * x43) + min(v40-v73))) + min(v61-v73)))) + ((x82 + ((x84 * (min(v3-v69) + x44)) + ((min(v61-v73) + (min(v61-v83) + x82)) + softplus(x82)))) + softplus(min(v31-v83)))); (min(v9-v67) + ((min(v9-v67) + (-4.128 * (tanh(x77) + (tanh((x14 * (x64 * min(v1-v102)))) + x44)))) * ((min(v16-v23) + (x67 + x15)) + x63))); (((min(v7-v74) + tanh((x50 + x50))) + softplus(min(v27-v58))) + (min(v27-v58) + (min(v19-v72) + (((min(v27-v58) + min(v27-v58)) + min(v33-v58)) + min(v27-v58))))); (-12.304 + ((mean(v102-v103) + x78) * min(v61-v73)))],0.038044627872276415,0.18867171638628266
9,174,[((((x63 + x12) + min(v14-v15)) + ((x45 + tanh((min(v2-v83) + ((x84 + min(v10-v103)) * x84)))) * (tanh(((min(v8-v71) + ((min(v2-v103) + min(v8-v71)) + mean(v102-v103))) * min(v1-v103))) + max(v1-v103)))) + x5); (x101 + (x71 + ((softplus(min(v4-v103)) + softplus(softplus(softplus(x69)))) + ((mean(v102-v103) + x68) + sigmoid(((max(v6-v75) + x44) * (mean(v101-v102) + x96))))))); (x36 + ((x3 + x42) + ((x42 + mean(v42-v43)) + mean(v42-v43)))); (x85 + x85); ((8.274 * min(v1-v103)) + (x12 + (x11 * ((min(v6-v14) * min(v7-v19)) + (min(v1-v79) * (min(v1-v101) * 3.733)))))); ((softplus((min(v61-v73) + softplus((min(v39-v73) + (x43 * x40))))) + ((softplus(softplus(min(v25-v100))) + min(v61-v73)) + softplus(x82))) + ((x82 + (x84 * (x44 + min(v3-v67)))) + (x82 + min(v61-v83)))); (x14 + (((-3.271 * tanh(((x78 + tanh((min(v1-v103) * (x14 * x49)))) + x44))) + softplus(mean(v101-v103))) * (((x15 + min(v11-v22)) + x64) + x67))); (((min(v27-v58) + min(v27-v58)) + ((tanh((x50 + (min(v61-v74) + x44))) + min(v27-v58)) + ((((min(v1-v96) + min(v27-v58)) + min(v27-v59)) + softplus(softplus(min(v32-v52)))) + softplus(min(v7-v74))))) + min(v19-v72)); (-3.880 + (x81 * x78))],0.12344279272797054,0.16676168574110897
9,178,[((((min(v2-v17) + x13) + x63) + x13) + ((max(v1-v103) + tanh((x84 * min(v1-v103)))) * (tanh((((x84 + x84) * x84) + min(v2-v83))) + x60))); (((sigmoid((mean(v96-v97) * x25)) + ((x68 + softplus(min(v4-v103))) + (x71 + mean(v102-v103)))) + mean(v102-v103)) + softplus(softplus(softplus(min(v2-v103))))); ((tanh(x26) + (x42 + x42)) + ((x3 + x41) + x41)); ((x85 + (x85 + x85)) + (min(v71-v103) + (max(v7-v9) + x4))); (((((min(v1-v78) * 4.267) * min(v1-v103)) + (min(v1-v9) * x13)) * x12) + ((min(v1-v101) + 9.398) * min(v1-v103))); (((x82 + min(v61-v73)) + (softplus(softplus(softplus(softplus(((((x43 * x43) + min(v36-v73)) + min(v62-v73)) + min(v32-v83)))))) + (min(v61-v83) + (x82 + softplus(x82))))) + (x84 * (min(v3-v67) + x21))); ((-1.476 + (((min(v8-v67) + (-6.272 * (((tanh((min(v1-v103) * x14)) * x64) + x44) + tanh(x78)))) * (x67 + (x64 + (x15 + min(v19-v24))))) + min(v8-v71))) + x18); ((min(v27-v58) + ((min(v27-v58) + (min(v24-v72) + min(v7-v74))) + ((min(v16-v47) + tanh(((min(v1-v9) * min(v53-v72)) + x50))) + (min(v27-v58) + min(v27-v58))))) + softplus(min(v27-v58))); (((x26 + min(v1-v78)) * min(v71-v94)) + (min(v27-v58) + (x27 + -9.838)))],0.007125931196475538,0.1620754612499434
9,180,[(((min(v10-v17) + (((tanh((((min(v1-v77) + x84) + min(v8-v71)) * min(v1-v103))) + max(v1-v103)) * (tanh((min(v1-v83) + (x84 * (mean(v100-v101) + x84)))) + x59)) + x5)) + x63) + x13); ((mean(v102-v103) + (x101 + sigmoid(((max(v35-v75) + x44) * (mean(v101-v102) + mean(v101-v102)))))) + ((x68 + x71) + (softplus(min(v3-v103)) + softplus(softplus(softplus(x69)))))); ((x42 + (x42 + x3)) + ((max(v8-v9) + x42) + (x42 + (x16 * x76)))); ((sigmoid(min(v7-v74)) + (x85 + x85)) + ((x85 + max(v5-v6)) + max(v7-v9))); ((max(v8-v9) * (((min(v1-v87) * 3.974) * min(v31-v83)) + (min(v7-v17) * min(v6-v18)))) + (9.173 * min(v1-v103))); (softplus(softplus((softplus(((x39 * x43) + min(v40-v73))) + min(v61-v73)))) + (x82 + (((x84 * (min(v3-v69) + x44)) + (min(v61-v73) + ((min(v61-v83) + x82) + softplus(x82)))) + softplus(min(v31-v83))))); (min(v9-v67) + ((min(v9-v67) + (-4.128 * (tanh(x77) + (tanh((x14 * (x64 * min(v1-v102)))) + x44)))) * ((min(v16-v23) + (x67 + x15)) + x63))); ((((min(v7-v74) + tanh((x50 + (x50 * x53)))) + softplus(min(v27-v58))) + (min(v27-v58) + min(v19-v72))) + (min(v27-v58) + (min(v27-v58) + (min(v27-v58) + min(v27-v58))))); (-12.304 + ((mean(v102-v103) + min(v61-v73)) * min(v61-v73)))],0.09454476357941657,0.13415186911569704
9,184,[((min(v2-v17) + x13) + ((x63 + ((max(v1-v103) + tanh((x84 * min(v1-v103)))) * (tanh(((x84 * (x84 + x84)) + min(v2-v83))) + x60))) + x13)); ((sigmoid((x25 * mean(v96-v97))) + ((x71 + (x68 + softplus(min(v4-v103)))) + (mean(v102-v103) + mean(v102-v103)))) + softplus(softplus(softplus(min(v2-v103))))); ((softplus(x26) * x45) + (x42 + (x41 + (x3 + x41)))); ((((x85 + x85) + x85) + (((x102 * x102) + (min(v2-v103) + min(v71-v103))) * tanh(((x67 + softplus(min(v47-v90))) + softplus(softplus(x63)))))) + (max(v7-v9) + x4)); ((((min(v1-v78) * (4.267 * min(v1-v103))) + (min(v1-v9) * x13)) * x12) + (9.398 * min(v1-v103))); (x82 + (((min(v61-v73) + (softplus(softplus(softplus((((x43 * x43) + (min(v62-v73) + min(v36-v73))) + softplus(min(v32-v83)))))) + min(v61-v83))) + (x82 + softplus(x82))) + (x84 * (min(v3-v67) + x21)))); (-1.476 + ((softplus(x82) + (min(v8-v67) + (-6.272 * ((tanh(x77) + (tanh((min(v1-v103) * x14)) * x64)) + x44)))) * ((x67 + x64) + (x15 + min(v19-v24))))); ((min(v27-v58) + (((min(v24-v72) + (min(v7-v74) + ((min(v16-v47) + tanh((min(v57-v72) + x50))) + min(v27-v58)))) + min(v27-v58)) + min(v27-v58))) + softplus(softplus(min(v27-v58)))); (-8.763 + (x74 * min(v71-v103)))],0.012884619862027939,0.1274130320578551
9,186,[((((min(v2-v17) + x13) + x63) + x13) + ((max(v1-v103) + tanh((x84 * min(v1-v103)))) * (tanh(((x84 * (x84 + x84)) + min(v2-v83))) + x60))); (((sigmoid((mean(v96-v97) * x25)) + (((x68 + softplus(min(v4-v103))) + x71) + mean(v102-v103))) + mean(v102-v103)) + softplus(softplus(softplus(min(v2-v103))))); ((tanh(x26) + (x42 + x42)) + (x41 + (x3 + x41))); (x85 + ((x85 + x85) + ((((min(v2-v103) + min(v71-v103)) + (x102 * x102)) * tanh((x67 + (softplus(min(v62-v90)) + softplus(softplus(x63)))))) + (max(v7-v9) + x4)))); ((((min(v1-v78) * (4.267 * min(v1-v103))) + (min(v1-v9) * x13)) * x12) + (9.398 * min(v1-v103))); ((x82 + min(v61-v73)) + ((softplus(softplus(softplus((((x43 * x43) + (min(v62-v73) + min(v36-v73))) + softplus(min(v32-v83)))))) + (min(v61-v83) + (x82 + softplus(x82)))) + (x84 * (min(v3-v67) + x21)))); ((-1.476 + (((min(v8-v67) + (-6.272 * (((tanh((min(v1-v103) * x14)) * x64) + x44) + tanh(x78)))) * (x67 + (x64 + (x15 + min(v19-v24))))) + min(v8-v71))) + x18); ((min(v27-v58) + ((min(v27-v58) + (min(v24-v72) + min(v7-v74))) + ((min(v16-v47) + (tanh((min(v53-v72) + x50)) + min(v27-v58))) + min(v27-v58)))) + softplus(min(v27-v58))); (x27 + (-9.838 + (min(v1-v78) * min(v71-v94))))],0.019060901592211646,0.12264723506665544
9,187,[((((min(v2-v17) + x13) + x63) + x13) + ((max(v1-v103) + tanh((x84 * min(v1-v103)))) * (tanh(((x84 * (x84 + x84)) + min(v2-v83))) + x60))); (((sigmoid((mean(v96-v97) * x25)) + (((x68 + softplus(min(v4-v103))) + x71) + mean(v102-v103))) + mean(v102-v103)) + softplus(softplus(softplus(min(v2-v103))))); ((tanh(x26) + (x42 + x42)) + (x41 + (x3 + x41))); ((x85 + (x85 + x85)) + ((((min(v2-v103) + min(v71-v103)) + (x102 * x102)) * tanh((x67 + (softplus(min(v62-v90)) + softplus(softplus(x63)))))) + (max(v7-v9) + x4))); ((((min(v1-v78) * (4.267 * min(v1-v103))) + (min(v1-v9) * x13)) * x12) + (9.398 * min(v1-v103))); ((x82 + min(v61-v73)) + (((softplus(softplus(softplus((((x43 * x43) + (min(v62-v73) + min(v36-v73))) + softplus(min(v32-v83)))))) + min(v61-v83)) + (x82 + softplus(x82))) + (x84 * (min(v3-v67) + x21)))); ((-1.476 + (((min(v8-v67) + (-6.272 * (((tanh((min(v1-v103) * x14)) * x64) + x44) + tanh(x78)))) * (x67 + (x64 + (x15 + min(v19-v24))))) + min(v8-v71))) + x18); (min(v27-v58) + (((min(v27-v58) + (min(v24-v72) + min(v7-v74))) + ((min(v16-v47) + (tanh((min(v53-v72) + x50)) + min(v27-v58))) + min(v27-v58))) + softplus(softplus(min(v27-v58))))); (x27 + (-9.838 + (min(v1-v78) * min(v71-v94))))],0.010874364131696049,0.12132074978635131
9,188,[((x5 + x13) + (x13 + (x63 + ((tanh((min(v1-v83) + (x84 * (min(v10-v103) + x84)))) + x59) * (max(v1-v103) + tanh(((min(v8-v71) + min(v2-v103)) * min(v1-v103)))))))); (x71 + (mean(v102-v103) + ((softplus((softplus(min(v2-v103)) + softplus(softplus(x69)))) + (sigmoid(((x44 + max(v12-v75)) * mean(v101-v102))) + mean(v102-v103))) + x68))); (mean(v37-v39) + ((x42 + ((x3 + x43) + mean(v41-v43))) + mean(v43-v44))); (((x85 + max(v7-v9)) + (x85 + x102)) + (max(v4-v5) + (tanh(((x67 + softplus(x16)) + softplus(softplus(x63)))) * ((((x102 * x102) + x102) + (min(v1-v79) + min(v70-v103))) + min(v1-v64))))); (((((min(v1-v79) * min(v1-v102)) * 4.226) + (min(v6-v18) * min(v6-v16))) * max(v8-v9)) + (9.332 * min(v1-v103))); ((((min(v61-v73) + ((x82 + (x84 * (x44 + min(v3-v58)))) + softplus(softplus(((x40 * x43) + (min(v61-v73) + min(v40-v73))))))) + softplus(min(v36-v83))) + softplus(x82)) + (x82 + min(v61-v83))); ((min(v9-v67) + ((-3.860 * ((tanh(x78) + x44) + tanh((min(v1-v102) * (x14 * x63))))) + softplus(x82))) * (x15 + (min(v19-v24) + (x67 + x64)))); ((min(v27-v58) + (((min(v24-v72) + min(v31-v57)) + ((tanh(x50) + min(v26-v69)) + (min(v16-v56) + min(v27-v58)))) + min(v1-v101))) + (min(v27-v58) + softplus(softplus(x38)))); ((min(v45-v73) * min(v61-v73)) + -10.661)],0.026518577423300868,0.11814577999154512
9,193,[((min(v7-v18) + (((tanh((((min(v1-v76) + x84) + min(v8-v71)) * min(v1-v103))) + max(v1-v103)) * (tanh((min(v1-v83) + (x84 * (mean(v99-v100) + x84)))) + x59)) + x5)) + (x63 + x13)); (((mean(v102-v103) + (x101 + sigmoid(((max(v39-v75) + x44) * mean(v100-v101))))) + (x68 + x71)) + (softplus(min(v5-v103)) + softplus(softplus(softplus(x69))))); (((x42 + x42) + x3) + ((max(v7-v8) + (x42 + x42)) + (x20 * x76))); ((((tanh((softplus(x16) + (x67 + softplus(sigmoid(min(v7-v74)))))) * ((x102 + min(v1-v103)) + ((x102 * x102) + min(v2-v103)))) + x85) + x85) + (x85 + (max(v5-v6) + max(v7-v9)))); ((9.173 * min(v1-v103)) + (max(v8-v9) * ((min(v1-v87) * (3.974 * min(v31-v83))) + (min(v7-v17) * min(v6-v18))))); (softplus(softplus((softplus(((x39 * x43) + min(v40-v73))) + min(v61-v73)))) + (((x82 + (x84 * (min(v3-v69) + x44))) + ((min(v61-v73) + (min(v61-v83) + x82)) + softplus(x82))) + softplus(min(v31-v83)))); (min(v9-v67) + ((min(v9-v67) + (-4.128 * (tanh(x77) + (tanh((x14 * (x64 * min(v40-v102)))) + x44)))) * ((min(v16-v23) + (x67 + x15)) + x63))); (((min(v7-v74) + tanh((x50 + x50))) + softplus(min(v27-v58))) + (min(v27-v58) + (min(v19-v72) + (((min(v27-v58) + min(v27-v58)) + min(v33-v58)) + min(v27-v58))))); (-12.304 + ((mean(v102-v103) + x78) * min(v61-v73)))],0.0038183014789558802,0.11591159381049512
9,194,[((min(v10-v17) + (((tanh((((min(v1-v77) + x84) + min(v8-v71)) * min(v1-v103))) + max(v1-v103)) * (tanh((min(v1-v83) + (x84 * (mean(v100-v101) + x84)))) + x59)) + x5)) + (x63 + x13)); ((mean(v102-v103) + (x101 + sigmoid(((max(v35-v75) + x44) * (mean(v101-v102) + mean(v101-v102)))))) + ((x68 + x71) + (softplus(min(v3-v103)) + softplus(softplus(softplus(x69)))))); ((x42 + (x42 + x3)) + (max(v8-v9) + (x42 + (x42 + (x16 * x75))))); (((((softplus(x16) + tanh((x67 + softplus(sigmoid(min(v7-v74)))))) * (((x102 + min(v1-v103)) + (x102 * x102)) + min(v2-v103))) + (x85 + x85)) + (x85 + max(v5-v6))) + max(v7-v9)); ((max(v8-v9) * ((min(v1-v87) * (3.974 * min(v31-v83))) + (min(v7-v17) * min(v6-v18)))) + (9.173 * min(v1-v103))); (softplus(softplus((softplus(((x39 * x43) + min(v40-v73))) + min(v61-v73)))) + (x82 + ((((x84 * (min(v3-v69) + x44)) + min(v61-v73)) + ((min(v61-v83) + x82) + softplus(x82))) + softplus(min(v31-v83))))); (min(v9-v67) + ((min(v9-v67) + (-4.128 * (tanh(x77) + (tanh((x14 * (x64 * min(v1-v102)))) + x44)))) * (((min(v16-v23) + x67) + x15) + x63))); ((((min(v7-v74) + x53) + softplus(min(v27-v58))) + (min(v27-v58) + min(v19-v72))) + (min(v27-v58) + (min(v27-v58) + (min(v27-v58) + min(v27-v58))))); (x0 + (-12.304 + ((mean(v102-v103) + min(v61-v73)) * min(v61-v73))))],0.0035631538692338146,0.11549931790395605
9,195,[((min(v10-v17) + (((tanh((((min(v1-v77) + x84) + min(v8-v71)) * min(v1-v103))) + max(v1-v103)) * (tanh((min(v1-v83) + (x84 * (mean(v100-v101) + x84)))) + x59)) + x5)) + (x63 + x13)); (((mean(v102-v103) + (x101 + sigmoid(((max(v35-v75) + x44) * (mean(v101-v102) + mean(v101-v102)))))) + (x68 + x71)) + (softplus(min(v3-v103)) + softplus(softplus(softplus(x69))))); (((x42 + x42) + x3) + (max(v8-v9) + ((x42 + x42) + (x20 * x76)))); (((((softplus(x16) + tanh((x67 + softplus(sigmoid(min(v7-v74)))))) * ((x102 + min(v1-v103)) + ((x102 * x102) + min(v2-v103)))) + x85) + x85) + (x85 + (max(v5-v6) + max(v7-v9)))); ((9.173 * min(v1-v103)) + (max(v8-v9) * ((min(v1-v87) * (3.974 * min(v31-v83))) + (min(v7-v17) * min(v6-v18))))); (softplus(softplus((softplus(((x39 * x43) + min(v40-v73))) + min(v61-v73)))) + ((x82 + ((x84 * (min(v3-v69) + x44)) + ((min(v61-v73) + (min(v61-v83) + x82)) + softplus(x82)))) + softplus(min(v31-v83)))); (min(v9-v67) + ((min(v9-v67) + (-4.128 * (tanh(x77) + (tanh((x14 * (x64 * min(v1-v102)))) + x44)))) * ((min(v16-v23) + (x67 + x15)) + x63))); (((min(v7-v74) + tanh((x50 + x50))) + softplus(min(v27-v58))) + (min(v27-v58) + (min(v19-v72) + (((min(v27-v58) + min(v27-v58)) + min(v33-v58)) + min(v27-v58))))); (-12.304 + ((mean(v102-v103) + x78) * min(v61-v73)))],0.008135375718806487,0.11456349933673798
9,196,[((x5 + x63) + ((x12 + min(v14-v15)) + ((tanh((min(v1-v83) + (x84 * (x84 + mean(v102-v103))))) + x59) * (tanh(((min(v4-v77) + (min(v8-v71) + x84)) * min(v1-v103))) + max(v1-v103))))); (softplus(min(v3-v103)) + (((softplus(softplus(softplus(x69))) + x101) + (mean(v102-v103) + x71)) + (sigmoid(((mean(v96-v97) + x100) * (max(v11-v75) + x44))) + x68))); (((mean(v42-v43) + min(v2-v70)) + ((x42 + (x75 * x16)) + x3)) + (x42 + x42)); (((tanh(((softplus(x16) + softplus(softplus(min(v59-v85)))) + x67)) * ((x102 + min(v71-v103)) + ((min(v2-v103) + min(v2-v103)) + (x102 * x102)))) + (max(v7-v9) + max(v5-v6))) + (x85 + (x85 + x85))); ((((min(v7-v17) * (min(v7-v17) + (min(v1-v77) * min(v19-v96)))) + 3.282) * max(v8-v9)) + (7.924 * min(v1-v103))); ((min(v61-v83) + (softplus(min(v31-v83)) + (softplus(softplus((softplus(((x40 * x43) + min(v40-v73))) + min(v61-v73)))) + (x84 * (x43 + min(v3-v69)))))) + ((x82 + x82) + (min(v61-v73) + softplus(x82)))); (min(v9-v67) + (((x15 + x67) + (x64 + min(v16-v24))) * ((-4.572 * (tanh(((x14 * x64) * min(v1-v102))) + (tanh(x77) + x42))) + min(v9-v67)))); (tanh(x50) + (softplus(softplus(min(v27-v58))) + ((min(v19-v71) + ((min(v27-v58) + min(v27-v58)) + ((min(v27-v58) + min(v27-v58)) + min(v27-v58)))) + min(v8-v74)))); ((min(v61-v73) * (min(v53-v89) + x74)) + -14.746)],0.003341707849268759,0.11418130054578268
9,198,[((x13 + ((tanh((min(v1-v103) * (min(v8-v71) + (x102 + (mean(v102-v103) + min(v8-v71)))))) + max(v1-v103)) * (x60 + tanh((min(v2-v83) + ((x84 + min(v10-v103)) * x84)))))) + ((x16 + min(v3-v17)) + x63)); (((softplus(softplus(softplus(x69))) + mean(v102-v103)) + mean(v102-v103)) + (((sigmoid(((x25 + max(v7-v74)) * (x96 + (x96 + x100)))) + x71) + x68) + softplus(min(v3-v103)))); ((x42 + x43) + ((x42 + x42) + mean(v43-v44))); ((x4 + (x85 + x85)) + ((((softplus(softplus(x63)) + (softplus(x16) + x67)) * (x102 + (((x102 * x102) + min(v4-v103)) + -1.732))) + max(v4-v10)) + x85)); ((min(v1-v103) * 9.359) + (x12 * (((min(v1-v81) * min(v1-v93)) * 4.314) + (min(v1-v19) * x16)))); (((min(v3-v66) + x44) * x84) + ((((x82 + (min(v61-v73) + softplus(x82))) + x82) + min(v61-v83)) + softplus((softplus(softplus(((min(v61-v73) + (x43 * mean(v40-v41))) + min(v61-v73)))) + softplus(min(v34-v83)))))); (-1.276 + (((x64 + x16) + (x67 + min(v22-v24))) * ((((x44 + tanh(x77)) + (tanh((x14 * min(v1-v103))) * x64)) * -7.573) + ((min(v10-v67) + softplus(min(v6-v71))) + x82)))); ((min(v27-v58) + (tanh((min(v33-v55) + (min(v44-v74) + x62))) + (min(v8-v74) + (softplus(softplus(min(v16-v59))) + min(v27-v58))))) + (((min(v24-v58) + min(v27-v58)) + min(v27-v58)) + min(v24-v72))); (-9.447 + (min(v64-v73) * min(v61-v73)))],0.01602597802427441,0.11057959570085728
9,200,[(((min(v3-v14) + x16) + x63) + (x13 + ((x60 + tanh((min(v1-v83) + (x84 * (min(v10-v103) + x84))))) * (tanh((min(v1-v103) * (min(v8-v71) + ((min(v8-v71) + x102) + mean(v102-v103))))) + max(v1-v103))))); ((softplus(min(v2-v103)) + ((x71 + sigmoid(((x25 + max(v7-v74)) * (x82 + x100)))) + x68)) + (softplus(softplus(softplus(x69))) + (mean(v102-v103) + mean(v102-v103)))); ((tanh((x1 + min(v16-v59))) + (x16 * x75)) + ((((x42 + x42) + x3) + x41) + mean(v42-v43))); ((x85 + ((x85 + x4) + max(v7-v10))) + (((((x102 + -1.693) + min(v4-v103)) + (x102 * x102)) * (softplus(softplus(x63)) + (x67 + softplus(x17)))) + x85)); ((min(v1-v103) * 9.193) + (((x16 * min(v1-v19)) + (4.328 * (min(v1-v82) * min(v1-v95)))) * x12)); (softplus(softplus((min(v40-v73) + softplus((min(v61-v73) + (x43 * mean(v40-v41))))))) + (min(v61-v73) + (((x82 + ((min(v61-v83) + x82) + softplus(min(v32-v83)))) + softplus(x82)) + ((x44 + min(v3-v58)) * x84)))); (-1.500 + ((min(v22-v24) + ((x64 + x15) + x67)) * (((tanh(x78) + (x44 + (tanh((x14 * min(v1-v103))) * x64))) * -7.705) + ((softplus(min(v6-v71)) + min(v10-v67)) + x82)))); (min(v27-v58) + (min(v8-v74) + (min(v26-v60) + (((min(v27-v58) + ((softplus(softplus(min(v16-v59))) + min(v24-v72)) + min(v27-v70))) + mean(v45-v46)) + min(v27-v58))))); (-9.287 + (min(v61-v73) * x72))],0.01237778548381151,0.10787574049571275
9,203,[(((min(v3-v14) + x16) + x63) + (x13 + ((x60 + tanh((min(v1-v83) + (x84 * (min(v10-v103) + x84))))) * (tanh((min(v1-v103) * ((min(v8-v71) + (min(v8-v71) + x102)) + mean(v102-v103)))) + max(v1-v103))))); ((softplus(min(v2-v103)) + ((x71 + sigmoid(((x25 + max(v7-v74)) * (x82 + x100)))) + x68)) + (softplus(softplus(softplus(x69))) + (mean(v102-v103) + mean(v102-v103)))); ((tanh((x1 + min(v16-v59))) + (x16 * x75)) + (((x42 + x42) + x3) + (x41 + mean(v42-v43)))); (((x85 + ((x85 + x4) + max(v7-v10))) + ((((x102 + -1.693) + min(v4-v103)) + (x102 * x102)) * (softplus(softplus(x63)) + (x67 + softplus(x17))))) + x85); ((min(v1-v103) * 9.193) + (((x16 * min(v1-v19)) + (4.328 * (min(v1-v82) * min(v1-v95)))) * x12)); (softplus(softplus((min(v40-v73) + softplus((min(v61-v73) + (x43 * mean(v40-v41))))))) + (min(v61-v73) + ((softplus(x82) + ((x82 + (min(v61-v83) + x82)) + softplus(min(v32-v83)))) + ((x44 + min(v3-v58)) * x84)))); (-1.500 + ((min(v22-v24) + ((x64 + x15) + x67)) * (((tanh(x78) + (x44 + (tanh((x14 * min(v1-v103))) * x64))) * -7.705) + ((softplus(min(v6-v71)) + min(v10-v67)) + x82)))); (min(v27-v58) + ((min(v8-v74) + min(v26-v60)) + ((min(v27-v58) + (((softplus(softplus(min(v27-v58))) + min(v24-v72)) + min(v27-v70)) + tanh((x40 + mean(v45-v46))))) + min(v27-v58)))); (-9.287 + (min(v61-v73) * x72))],0.007468923137754807,0.10548547274692413
9,206,[(x13 + ((((tanh((min(v1-v83) + (x84 * (x84 + min(v10-v103))))) + x60) * (tanh((min(v1-v103) * ((x102 + (min(v8-v71) + mean(v102-v103))) + min(v8-v71)))) + max(v1-v103))) + (x63 + x16)) + min(v3-v17))); (((mean(v102-v103) + (sigmoid(((x25 + max(v7-v74)) * (x100 + (x100 + x82)))) + ((softplus(min(v4-v103)) + x71) + x68))) + softplus(softplus(softplus(x69)))) + mean(v102-v103)); (((mean(v43-v44) + x42) + x42) + (x42 + ((tanh(x1) + x3) + (x75 * x16)))); ((x85 + (x85 + ((softplus(softplus(x63)) + (x67 + softplus(x16))) * (((x102 + -1.691) + min(v5-v103)) + (x102 * x102))))) + (x85 + (max(v7-v10) + x4))); ((9.141 * min(v1-v103)) + (((min(v1-v19) * x16) + (min(v1-v93) * (4.238 * min(v1-v81)))) * x12)); (((((min(v61-v83) + x82) + x82) + softplus(x82)) + (softplus(softplus((softplus((softplus((min(v40-v73) + (x44 * mean(v40-v41)))) + min(v61-v73))) + softplus(min(v32-v83))))) + min(v61-v73))) + ((x45 + min(v3-v58)) * x84)); (-1.371 + ((x16 + ((x64 + x67) + min(v22-v24))) * (((tanh(x78) + (x44 + (x64 * tanh((min(v1-v103) * x14))))) * -7.696) + (softplus(min(v6-v71)) + (min(v10-v67) + x82))))); (min(v8-v74) + ((min(v24-v58) + (((min(v27-v58) + min(v27-v58)) + (min(v27-v58) + tanh(((min(v40-v74) + min(v39-v58)) + x63)))) + (min(v27-v58) + min(v24-v72)))) + softplus(softplus(min(v16-v59))))); (-9.546 + (min(v61-v73) * min(v64-v73)))],0.0012577778171135984,0.10508819089380696
9,207,[((min(v3-v14) + (x16 + x63)) + (x13 + ((x60 + tanh((min(v1-v83) + (x84 * (min(v10-v103) + x84))))) * (tanh((min(v1-v103) * (min(v8-v71) + (min(v8-v71) + (x102 + mean(v102-v103)))))) + max(v1-v103))))); (softplus(min(v2-v103)) + (((x71 + sigmoid(((x25 + max(v7-v74)) * (x82 + x100)))) + x68) + (softplus(softplus(softplus(x69))) + (mean(v102-v103) + mean(v102-v103))))); ((tanh((x1 + min(v16-v59))) + (x16 * x75)) + ((x42 + (x42 + (x3 + x41))) + mean(v42-v43))); (x85 + (((x85 + x4) + max(v7-v10)) + ((((x102 + (-1.693 + min(v4-v103))) + (x102 * x102)) * (softplus(softplus(x63)) + (x67 + softplus(x17)))) + x85))); ((min(v1-v103) * 9.193) + (((x16 * min(v1-v19)) + (4.328 * (min(v1-v82) * min(v1-v95)))) * x12)); (softplus(softplus((min(v40-v73) + softplus((min(v61-v73) + (x43 * mean(v40-v41))))))) + ((min(v61-v73) + (x82 + (((min(v61-v83) + x82) + softplus(min(v32-v83))) + softplus(x82)))) + ((x44 + min(v3-v58)) * x84))); (-1.500 + ((min(v22-v24) + (x64 + (x15 + x67))) * ((((tanh(x78) + (x44 + (tanh((x14 * min(v1-v103))) * x64))) * -7.705) + (softplus(min(v6-v71)) + min(v10-v67))) + x82))); (min(v27-v58) + ((min(v8-v74) + min(v26-v60)) + (((min(v27-v58) + ((softplus(softplus(min(v16-v59))) + min(v24-v72)) + min(v27-v70))) + tanh(((x63 + min(v40-v74)) + (x40 + mean(v45-v46))))) + min(v27-v58)))); (-9.287 + (min(v61-v73) * x72))],0.006138837937754984,0.10444504761666693
9,209,[((x13 + ((x60 + tanh((min(v1-v83) + ((min(v10-v103) + x84) * x84)))) * (tanh((min(v1-v103) * (((min(v8-v71) + min(v8-v71)) + x102) + mean(v102-v103)))) + max(v1-v103)))) + ((min(v3-v14) + x16) + x63)); ((softplus(min(v2-v103)) + (x71 + (sigmoid(((x25 + max(v7-v74)) * (x82 + (x100 + x96)))) + x68))) + (softplus(softplus(softplus(x69))) + (mean(v102-v103) + mean(v102-v103)))); ((tanh((x1 + min(v16-v59))) + (x16 * x75)) + ((x42 + ((x42 + x3) + x41)) + mean(v42-v43))); ((x85 + (x85 + (x4 + max(v7-v10)))) + ((((x102 + (-1.693 + min(v4-v103))) + (x102 * x102)) * (softplus(softplus(x63)) + (x67 + softplus(x17)))) + x85)); ((min(v1-v103) * 9.193) + (((x16 * min(v1-v19)) + ((4.328 * min(v1-v82)) * min(v1-v95))) * x12)); (((softplus(softplus((min(v40-v73) + softplus((min(v61-v73) + (x43 * mean(v40-v41))))))) + min(v61-v73)) + (softplus(x82) + (x82 + ((min(v61-v83) + x82) + softplus(min(v32-v83)))))) + ((x44 + min(v3-v58)) * x84)); (-1.500 + (((min(v22-v23) + x64) + (x15 + x67)) * (((tanh(x78) + (x44 + (tanh((x14 * min(v1-v103))) * x64))) * -7.705) + ((softplus(min(v6-v71)) + min(v10-v67)) + x82)))); (min(v27-v58) + ((min(v8-v74) + min(v26-v60)) + (((min(v27-v58) + min(v27-v58)) + (tanh(((min(v40-v76) + x63) + (x40 + mean(v45-v46)))) + (softplus(softplus(min(v16-v59))) + min(v24-v72)))) + min(v27-v58)))); ((min(v61-v73) * x72) + -9.287)],0.0022914955738832514,0.10396747208613454
9,211,[((x13 + ((x60 + tanh((min(v1-v83) + ((min(v10-v103) + x84) * x84)))) * (tanh((min(v1-v103) * ((min(v8-v71) + min(v8-v71)) + (x102 + mean(v102-v103))))) + max(v1-v103)))) + ((min(v3-v17) + x16) + x63)); (softplus(min(v2-v103)) + ((x71 + (sigmoid(((x25 + max(v6-v74)) * (x82 + (x100 + x96)))) + x68)) + (softplus(softplus(softplus(x69))) + (mean(v102-v103) + mean(v102-v103))))); ((tanh((x1 + min(v2-v60))) + (x16 * x75)) + ((x42 + ((x42 + x3) + x41)) + mean(v42-v43))); ((x85 + (x85 + (x4 + max(v7-v10)))) + (((((x102 + -1.690) + min(v4-v103)) + (x102 * x102)) * (softplus(softplus(x63)) + (x67 + softplus(x17)))) + x85)); ((min(v1-v103) * 7.935) + (((x16 * min(v1-v19)) + ((3.967 * min(v1-v82)) * min(v1-v95))) * x12)); (((softplus(softplus((min(v40-v73) + softplus((min(v61-v73) + (x43 * mean(v40-v41))))))) + min(v61-v73)) + (softplus(x82) + (x82 + ((min(v61-v83) + x82) + softplus(min(v32-v83)))))) + ((x44 + min(v3-v58)) * x84)); (-1.514 + (((min(v22-v23) + x64) + (x15 + x67)) * (((tanh(x78) + (x44 + (tanh((x14 * min(v1-v103))) * x64))) * -7.733) + ((softplus(min(v6-v71)) + min(v10-v67)) + x82)))); (min(v27-v58) + ((min(v8-v74) + min(v26-v60)) + (min(v27-v58) + (min(v27-v58) + (min(v27-v58) + (tanh(((min(v40-v76) + x63) + (min(v40-v74) + (x40 + mean(v45-v46))))) + (softplus(softplus(min(v16-v59))) + min(v24-v72)))))))); ((min(v61-v73) * x72) + -10.368)],0.004898225403547666,0.10295393251140476
9,214,[(((x60 + tanh((min(v1-v83) + ((x84 + min(v10-v103)) * x84)))) * (tanh((min(v1-v103) * ((mean(v102-v103) + min(v8-v71)) + (x102 + min(v8-v71))))) + max(v1-v103))) + ((x16 + x63) + (x13 + min(v3-v17)))); ((((x71 + x69) + mean(v102-v103)) + (softplus(min(v4-v103)) + sigmoid(((max(v7-v74) + x27) * mean(v100-v101))))) + softplus((softplus(softplus(x69)) + mean(v102-v103)))); (((((mean(v43-v44) + x42) + x42) + (tanh(((min(v1-v103) + (x70 * x1)) + (((x43 + x43) * (x82 + x82)) * x82))) + x3)) + (x75 * x16)) + x42); ((((((x102 * x102) + x102) + (min(v61-v83) + -1.731)) * (x67 + (softplus(softplus(x63)) + softplus(x15)))) + x85) + (x85 + (max(v7-v10) + (x85 + x4)))); ((x12 * ((min(v1-v19) * x16) + (min(v1-v93) * (min(v1-v81) * 3.924)))) + (8.544 * min(v1-v103))); (((x82 + (x84 * (min(v3-v58) + x44))) + (min(v61-v83) + (min(v61-v73) + x82))) + (softplus(x82) + (softplus(((min(v40-v73) * mean(v38-v40)) * x43)) + (softplus(min(v61-v73)) + softplus(min(v32-v83)))))); (-1.351 + ((((x64 + x16) + x67) + min(v22-v24)) * (min(v10-v67) + (((((x44 + tanh(x78)) + (tanh((min(v1-v103) * x14)) * x64)) * -7.640) + x82) + softplus(min(v6-v71)))))); (((tanh((x55 + (min(v26-v76) + x62))) + min(v27-v58)) + ((min(v8-v74) + ((min(v24-v58) + (min(v27-v58) + min(v27-v58))) + min(v27-v58))) + softplus(softplus(min(v16-v59))))) + min(v24-v72)); ((min(v65-v73) * min(v71-v103)) + -9.708)],0.0016786805198904398,0.10243675558383687
9,215,[(((x60 + tanh((min(v1-v83) + ((x84 + min(v10-v103)) * x84)))) * (tanh((min(v1-v103) * (((x102 + min(v8-v71)) + mean(v102-v103)) + min(v8-v71)))) + max(v1-v103))) + (x13 + (x16 + (x63 + min(v3-v17))))); (((softplus(min(v4-v103)) + sigmoid(((x25 + max(v7-v74)) * mean(v100-v101)))) + ((x71 + x69) + mean(v102-v103))) + softplus((softplus(softplus(x69)) + mean(v102-v103)))); (((mean(v43-v44) + x42) + x42) + (tanh(((min(v1-v103) + (x70 * x1)) + ((x43 + x43) * ((x82 + x82) * x82)))) + ((x3 + (x75 * x16)) + x42))); (((x85 + ((((x102 * x102) + x102) + (min(v68-v90) + -1.731)) * ((x67 + softplus(softplus(x63))) + softplus(x15)))) + x85) + (x85 + (x4 + max(v7-v10)))); ((min(v1-v103) * 8.544) + (x12 * ((min(v1-v19) * x16) + ((min(v1-v93) * 3.924) * min(v1-v81))))); ((x82 + (x84 * (min(v3-v58) + x44))) + (((min(v61-v83) + x82) + min(v61-v73)) + softplus(((softplus(x82) + softplus((min(v40-v73) * (x43 * mean(v38-v40))))) + (softplus(min(v61-v73)) + softplus(min(v32-v83))))))); (-1.351 + (((x64 + x16) + (x67 + min(v22-v24))) * (min(v10-v67) + (((((x44 + tanh(x78)) + (tanh((min(v1-v103) * x14)) * x64)) * -7.640) + x82) + softplus(min(v6-v71)))))); ((min(v27-v58) + (tanh((x55 + (min(v36-v76) + x62))) + ((((min(v8-v74) + min(v27-v58)) + min(v24-v58)) + min(v27-v58)) + min(v27-v58)))) + (softplus(softplus(min(v16-v59))) + min(v24-v72))); (-9.708 + (min(v65-v73) * min(v61-v73)))],0.003104109881569129,0.10211927364293287
9,216,[(x13 + (((x61 + tanh((((min(v10-v103) + x84) * x84) + min(v1-v83)))) * (max(v1-v91) + tanh((min(v1-v103) * (mean(v102-v103) + ((min(v8-v71) + min(v8-v71)) + x102)))))) + ((x16 + min(v3-v14)) + x63))); ((mean(v102-v103) + mean(v102-v103)) + ((x68 + softplus(softplus(softplus(x69)))) + ((x71 + softplus(min(v3-v103))) + sigmoid(((x25 + max(v7-v74)) * (x96 + x96)))))); ((x42 + tanh((min(v1-v103) + (((x43 + x43) * ((x82 + x82) * x82)) + x1)))) + (x42 + (((x16 * x75) + x3) + (x42 + mean(v42-v43))))); ((x4 + (x85 + max(v4-v10))) + (((softplus(softplus(x63)) + (x67 + softplus(x16))) * ((-1.734 + min(v4-v103)) + (x102 + (x102 * x102)))) + (x85 + x85))); ((min(v1-v103) * 9.345) + (((x16 * min(v1-v19)) + ((min(v1-v93) * 4.280) * min(v1-v80))) * x12)); (softplus(softplus((min(v61-v73) + (softplus(softplus((min(v40-v73) + (mean(v40-v41) * x44)))) + softplus(min(v32-v83)))))) + (x82 + (((((x84 * (min(v3-v65) + x44)) + x82) + min(v61-v83)) + softplus(x82)) + min(v61-v73)))); ((((x67 + min(v22-v24)) + (x64 + x16)) * ((-7.672 * ((tanh(x78) + x44) + (tanh((x14 * min(v1-v103))) * x64))) + (softplus(min(v6-v71)) + (min(v10-v67) + x82)))) + -1.373); ((((min(v8-v74) + (min(v27-v58) + min(v27-v58))) + min(v27-v58)) + (((min(v24-v58) + tanh((x73 + (x62 + x50)))) + min(v27-v58)) + min(v24-v72))) + softplus(softplus(min(v16-v70)))); ((min(v9-v73) * min(v71-v103)) + -9.659)],0.0026663665655562397,0.10184734891260142
9,217,[((x13 + (((x60 + tanh((min(v2-v83) + ((x84 + min(v10-v103)) * x84)))) * (max(v1-v103) + tanh((min(v1-v103) * ((x102 + min(v8-v71)) + (mean(v102-v103) + min(v8-v71))))))) + (x16 + x63))) + min(v3-v17)); ((softplus(min(v5-v103)) + ((x71 + (sigmoid(((x100 + x96) * (x25 + max(v8-v74)))) + (softplus(softplus(softplus(x69))) + x68))) + mean(v102-v103))) + mean(v102-v103)); (x42 + (((tanh(((x70 * x1) + (min(v1-v103) + ((x43 + x43) * ((x82 + x82) * x82))))) + (x3 + (x75 * x16))) + x42) + (x42 + mean(v43-v44)))); (x85 + (((softplus(softplus(x63)) + (x67 + softplus(x16))) * ((x102 * x102) + ((x102 + min(v4-v103)) + -1.708))) + ((x85 + (x85 + x4)) + max(v7-v10)))); ((min(v1-v103) * 9.099) + (((x16 * min(v1-v19)) + ((min(v1-v75) * 4.232) * min(v1-v85))) * x12)); ((((((min(v3-v59) + x44) * x84) + (x82 + min(v61-v73))) + min(v61-v83)) + x82) + softplus((softplus(x82) + ((softplus((min(v40-v73) * (x43 * mean(v40-v41)))) + softplus(min(v61-v73))) + softplus(min(v32-v83)))))); (-1.329 + (((x64 + x16) + (x67 + min(v23-v24))) * ((((x44 + tanh(x78)) + (x64 * tanh((min(v1-v103) * x14)))) * -7.605) + ((min(v10-v67) + x82) + softplus(min(v6-v71)))))); (((tanh(((x62 + min(v36-v76)) + x55)) + min(v27-v58)) + ((min(v8-v74) + ((min(v27-v58) + min(v27-v58)) + min(v27-v58))) + min(v27-v58))) + (softplus(softplus(min(v16-v59))) + min(v24-v72))); (-9.038 + (min(v61-v73) * min(v61-v73)))],0.011064745153167719,0.10072664553481225
9,219,[((x13 + ((((x60 + tanh((min(v1-v83) + ((x84 + min(v10-v103)) * x84)))) * (max(v1-v103) + tanh((min(v1-v103) * ((x102 + (min(v8-v71) + mean(v102-v103))) + min(v8-v71)))))) + x16) + x63)) + min(v3-v17)); (((softplus(min(v4-v103)) + ((x71 + sigmoid((((mean(v102-v103) + x100) + x96) * (x25 + max(v7-v74))))) + (softplus(softplus(softplus(x69))) + x68))) + mean(v102-v103)) + mean(v102-v103)); (x42 + (((tanh(((x70 * x1) + (min(v1-v103) + ((x43 + x43) * ((x82 + x82) * x82))))) + (x3 + (x16 * x75))) + x42) + (x42 + mean(v43-v44)))); ((x85 + ((softplus(softplus(x63)) + (x67 + softplus(x16))) * (((x102 * x102) + (x102 + min(v5-v103))) + -1.708))) + ((x85 + (x85 + x4)) + max(v7-v10))); ((min(v1-v103) * 9.099) + (((x16 * min(v1-v19)) + ((min(v1-v93) * 4.232) * min(v1-v81))) * x12)); ((((min(v3-v58) + x44) * x84) + (x82 + min(v61-v73))) + (min(v61-v83) + (x82 + softplus((softplus(x82) + ((softplus((min(v40-v73) * (x43 * mean(v40-v41)))) + softplus(min(v61-v73))) + softplus(min(v32-v83)))))))); (-1.329 + (((x64 + x16) + (x67 + min(v22-v24))) * ((((x44 + tanh(x78)) + (x64 * tanh((min(v1-v103) * x14)))) * -7.605) + (softplus(min(v6-v71)) + (min(v10-v67) + x82))))); (((tanh((x62 + (min(v36-v76) + x55))) + min(v27-v58)) + (((min(v8-v74) + min(v27-v58)) + (min(v27-v58) + min(v27-v58))) + min(v27-v58))) + (softplus(softplus(min(v16-v59))) + min(v24-v72))); (-9.038 + (min(v61-v73) * min(v61-v73)))],0.002463442858844444,0.10023159738776656
9,222,[(x13 + ((x16 + (x63 + min(v3-v17))) + ((x60 + tanh((min(v1-v83) + ((min(v10-v103) + x84) * x84)))) * (tanh((min(v1-v103) * ((x102 + min(v8-v71)) + (mean(v102-v103) + min(v8-v71))))) + max(v1-v103))))); ((softplus(min(v5-v103)) + x71) + (sigmoid(((x34 + max(v7-v74)) * (x82 + (x100 + x96)))) + ((x68 + (softplus(softplus(softplus(x69))) + mean(v102-v103))) + mean(v102-v103)))); ((x42 + (((tanh(((min(v1-v103) + (((x43 + x43) * (x82 + x82)) * x82)) + (x1 * x69))) + x3) + x42) + (x16 * x75))) + (x42 + mean(v43-v44))); ((((x102 + min(v1-v103)) + ((min(v72-v103) + -1.998) + (x102 * x102))) * (softplus(softplus(x63)) + (x67 + softplus(x16)))) + (x85 + ((x85 + (x4 + x85)) + max(v7-v9)))); ((min(v1-v103) * 8.738) + (((x12 * min(v1-v19)) + ((min(v1-v93) * 4.103) * min(v1-v81))) * x12)); ((x84 * (min(v3-v58) + x44)) + (((x82 + ((min(v61-v83) + x82) + softplus(x82))) + softplus(softplus((softplus((softplus((min(v40-v73) + (x43 * mean(v40-v41)))) + min(v61-v73))) + softplus(min(v32-v83)))))) + min(v61-v73))); (-1.319 + ((min(v10-v67) + (x82 + ((-7.593 * (tanh(x77) + (x44 + (tanh((min(v1-v103) * x14)) * x64)))) + softplus(min(v6-v71))))) * ((x64 + x67) + (x16 + min(v22-v24))))); ((((min(v27-v58) + ((min(v8-v74) + min(v24-v58)) + min(v27-v58))) + ((tanh((min(v40-v74) + (x63 + mean(v45-v46)))) + min(v27-v58)) + min(v27-v58))) + softplus(softplus(min(v16-v59)))) + min(v24-v72)); ((min(v40-v73) * min(v61-v73)) + -9.016)],0.0013910711690888694,0.09981418112109405
9,224,[((x13 + ((x60 + tanh((min(v1-v83) + ((min(v10-v103) + x84) * x84)))) * (max(v1-v103) + tanh((min(v1-v103) * (x102 + (min(v8-v71) + (mean(v102-v103) + min(v8-v71))))))))) + (x16 + (x63 + min(v3-v17)))); (softplus(min(v4-v103)) + (x71 + (sigmoid(((x25 + max(v7-v74)) * ((x82 + x100) + x96))) + ((x68 + (softplus(softplus(softplus(x69))) + mean(v102-v103))) + mean(v102-v103))))); ((x42 + tanh((min(v1-v103) + (((x43 + x43) * ((x82 + x82) * x82)) + (x70 * x1))))) + (x3 + (x42 + (((x16 * x75) + x42) + mean(v43-v44))))); (x85 + (((softplus(softplus(x63)) + (x67 + softplus(x16))) * ((x102 * x102) + ((x102 + min(v5-v103)) + -1.672))) + ((x85 + (x85 + x4)) + max(v7-v10)))); ((min(v1-v103) * 8.738) + (((min(v8-v16) * min(v1-v19)) + (min(v1-v93) * (min(v1-v81) * 4.103))) * x12)); ((((x84 * (min(v3-v58) + x44)) + x82) + min(v61-v83)) + ((x82 + (softplus(x82) + softplus(softplus((softplus((softplus((min(v40-v73) + (x44 * mean(v40-v41)))) + min(v61-v73))) + softplus(min(v32-v83))))))) + min(v61-v73))); (-1.319 + (((x64 + x16) + (x67 + min(v22-v24))) * (x82 + (((-7.593 * ((tanh(x78) + x44) + (tanh((min(v1-v103) * x14)) * x64))) + softplus(min(v6-v71))) + min(v10-v67))))); ((min(v8-v74) + (((min(v24-v58) + min(v27-v58)) + min(v27-v58)) + ((min(v27-v58) + tanh((mean(v45-v46) + (min(v40-v74) + (x50 + (min(v42-v76) + x62)))))) + min(v27-v58)))) + (softplus(softplus(min(v16-v59))) + min(v24-v72))); ((x74 * min(v61-v73)) + -9.016)],0.000702152934747098,0.09967410985515665
9,226,[((x13 + ((tanh((((x102 + min(v8-v71)) + (mean(v102-v103) + min(v8-v71))) * min(v1-v103))) + max(v1-v103)) * (x60 + tanh((min(v1-v83) + ((min(v10-v103) + x84) * x84)))))) + (x16 + (x63 + min(v3-v17)))); ((softplus(min(v5-v103)) + (softplus(softplus(softplus(x69))) + ((x71 + sigmoid(((x25 + max(v7-v74)) * ((x82 + x100) + x96)))) + x68))) + (mean(v102-v103) + mean(v102-v103))); (x42 + (((tanh(((min(v1-v103) + ((x43 + x43) * ((x82 + x82) * x82))) + (x1 * x69))) + x3) + (x42 + (x16 * x75))) + (x42 + mean(v43-v44)))); (((((x102 + (min(v1-v103) + min(v72-v103))) + -1.998) + (x102 * x102)) * ((softplus(softplus(x63)) + x67) + softplus(x16))) + (x85 + ((x85 + (x4 + x85)) + max(v7-v9)))); ((8.738 * min(v1-v103)) + (((x12 * min(v1-v19)) + (min(v1-v93) * (4.103 * min(v1-v81)))) * x12)); ((x84 * (min(v3-v58) + x44)) + ((x82 + (min(v61-v83) + x82)) + (min(v61-v73) + (softplus(x82) + softplus(softplus((softplus((softplus((min(v40-v73) + (x43 * mean(v40-v42)))) + min(v61-v73))) + softplus(min(v32-v83))))))))); ((((x64 + x67) + (x16 + min(v22-v24))) * ((min(v10-v67) + x82) + ((-7.593 * (tanh(x77) + (x44 + (x64 * tanh((min(v1-v103) * x14)))))) + softplus(min(v6-v71))))) + -1.319); ((((min(v27-v58) + min(v27-v58)) + (min(v8-v74) + min(v27-v58))) + (tanh((min(v40-v74) + ((x62 + min(v38-v77)) + (x51 + mean(v45-v46))))) + (min(v27-v58) + min(v27-v58)))) + (softplus(softplus(min(v16-v59))) + min(v24-v72))); ((min(v40-v73) * min(v67-v73)) + -9.016)],0.0025498966060496296,0.09916708646240725
9,228,[(((x13 + ((tanh(((x102 + (min(v8-v71) + (mean(v102-v103) + min(v8-v71)))) * min(v1-v103))) + max(v1-v103)) * (x60 + tanh((((min(v10-v103) + x84) * x84) + min(v1-v83)))))) + (x16 + x63)) + min(v3-v17)); ((((softplus(min(v5-v103)) + softplus(softplus(softplus(x69)))) + (x68 + (x71 + sigmoid((((x82 + (mean(v100-v101) + x100)) + x96) * (x25 + max(v7-v74))))))) + mean(v102-v103)) + mean(v102-v103)); (x42 + (((tanh((min(v1-v103) + (((x43 + x43) * ((x82 + x82) * x82)) + (x1 * x69)))) + x3) + (x42 + (x16 * x75))) + (x42 + x42))); (((x102 + (((min(v1-v103) + min(v72-v103)) + -1.972) + (x102 * x102))) * ((softplus(softplus(x63)) + x67) + softplus(x16))) + (x85 + (((x85 + x4) + x85) + max(v7-v9)))); ((8.413 * min(v1-v103)) + (((x12 * min(v1-v19)) + ((3.533 * min(v1-v81)) * min(v1-v93))) * x12)); ((((x84 * (min(v3-v58) + x44)) + x82) + (x82 + min(v61-v83))) + (softplus(x82) + (softplus(softplus((softplus((softplus((min(v40-v73) + (x43 * mean(v40-v42)))) + min(v61-v73))) + softplus(min(v32-v83))))) + min(v61-v73)))); (-1.264 + ((x64 + (x67 + (x16 + min(v22-v24)))) * ((min(v10-v67) + x82) + ((((tanh(x77) + x44) + (x64 * tanh((min(v1-v103) * x14)))) * -7.551) + softplus(min(v6-v71)))))); ((((min(v27-v58) + ((min(v27-v58) + min(v8-v74)) + min(v27-v58))) + tanh(((min(v40-v74) + (x62 + (min(v38-v77) + x51))) + mean(v45-v46)))) + (min(v27-v58) + min(v27-v58))) + (softplus(softplus(min(v16-v59))) + min(v24-v72))); (-8.544 + (min(v61-v73) * min(v40-v73)))],0.000965693880519627,0.09897574120573988
9,229,[((min(v3-v17) + ((x13 + x16) + x63)) + ((tanh(((x84 * (x84 + min(v10-v103))) + min(v2-v83))) + x60) * (tanh((min(v1-v103) * (((x102 + min(v8-v71)) + min(v8-v71)) + mean(v102-v103)))) + max(v1-v103)))); (x68 + (softplus(softplus(softplus(x69))) + (mean(v102-v103) + (sigmoid(((max(v7-v74) + x25) * ((x82 + (x96 + softplus(min(v73-v103)))) + mean(v96-v97)))) + ((softplus(min(v5-v103)) + mean(v102-v103)) + x71))))); ((tanh(((x70 * x7) + (min(v1-v103) + ((x43 + x43) * ((x82 + x82) * x82))))) + ((((x42 + x42) + x3) + mean(v43-v44)) + x42)) + (x16 * x75)); ((max(v7-v10) + (((softplus(x16) + (softplus(softplus(x63)) + x67)) * ((((x102 * x102) + x102) + (min(v4-v103) + min(v74-v103))) + -2.269)) + (x85 + x85))) + (x4 + x85)); ((8.478 * min(v1-v103)) + (x13 * ((3.826 * (min(v1-v85) * min(v1-v81))) + (min(v1-v19) * x14)))); (((softplus(x82) + (x84 * (min(v3-v58) + x44))) + (x82 + ((min(v61-v83) + softplus((softplus(min(v32-v83)) + softplus((min(v61-v73) + softplus((min(v40-v73) + softplus((x43 * mean(v41-v42)))))))))) + min(v61-v73)))) + x82); (-1.303 + (((softplus(min(v6-v71)) + (min(v10-v67) + x82)) + ((tanh(x78) + ((x64 * tanh((min(v1-v103) * x14))) + x44)) * -7.558)) * (x64 + (min(v22-v24) + (x67 + x16))))); ((((min(v27-v58) + min(v24-v72)) + (((min(v27-v58) + min(v27-v58)) + (min(v27-v58) + min(v27-v58))) + softplus(softplus(min(v16-v59))))) + tanh(((mean(v45-v46) + (min(v40-v74) + x62)) + min(v57-v72)))) + min(v8-v74)); ((min(v61-v83) * (min(v6-v71) + min(v61-v83))) + -15.556)],0.004784000088929481,0.0985033720589421
9,231,[(((max(v1-v103) + tanh((((x102 + min(v8-v71)) + (mean(v102-v103) + min(v8-v71))) * min(v1-v103)))) * (tanh((min(v2-v83) + (x84 * (min(v10-v103) + x84)))) + x60)) + (x63 + ((x13 + min(v3-v18)) + x16))); (softplus(softplus(softplus(x69))) + (mean(v102-v103) + ((sigmoid(((x24 + max(v7-v74)) * ((x82 + softplus(x96)) + ((mean(v96-v97) + x82) + x96)))) + mean(v102-v103)) + ((x68 + x71) + softplus(min(v5-v103)))))); (((tanh((min(v1-v76) + ((x82 + x82) * (x82 * (x43 + x43))))) + x42) + (x42 + ((x3 + mean(v43-v44)) + x42))) + (x75 * x16)); ((x85 + max(v7-v10)) + (((x85 + x85) + (((x67 + softplus(x16)) + softplus(softplus(x63))) * (((x102 + (min(v4-v103) + min(v74-v103))) + -2.259) + (x102 * x102)))) + x4)); ((min(v1-v103) * 8.440) + (x13 * ((min(v1-v81) * (3.816 * min(v1-v90))) + (x18 * min(v1-v19))))); (((min(v3-v58) + x44) * x84) + (((x82 + (min(v61-v83) + (softplus((softplus(min(v32-v83)) + softplus((softplus(softplus((min(v40-v73) + (mean(v41-v42) * x43)))) + min(v61-v73))))) + x82))) + min(v61-v73)) + softplus(x82))); (-1.316 + (((x64 + (min(v22-v24) + x67)) + x16) * (x82 + ((min(v10-v67) + softplus(min(v6-v71))) + (-7.578 * ((tanh(x78) + (x64 * tanh((x14 * min(v1-v103))))) + x44)))))); (((min(v27-v58) + softplus(softplus(min(v16-v59)))) + tanh((((x63 + (min(v40-v74) + min(v40-v73))) + x44) + (x54 + min(v57-v72))))) + (min(v8-v74) + (((min(v27-v58) + min(v24-v72)) + min(v27-v58)) + (min(v24-v58) + min(v27-v58))))); (((min(v61-v73) + min(v54-v74)) * min(v40-v74)) + -19.460)],0.0010722903137800458,0.09829234999327034
9,233,[(min(v3-v17) + (((x13 + x16) + x63) + ((tanh(((x84 * (x84 + min(v10-v103))) + min(v2-v83))) + x60) * (tanh((min(v1-v103) * ((x102 + (min(v8-v71) + min(v8-v71))) + mean(v102-v103)))) + max(v1-v103))))); ((x68 + (softplus(softplus(softplus(x69))) + (mean(v102-v103) + sigmoid(((max(v7-v74) + x25) * ((softplus(min(v73-v103)) + (x82 + x96)) + mean(v96-v97))))))) + (softplus(min(v5-v103)) + (mean(v102-v103) + x71))); ((tanh((((x70 * x7) + min(v1-v103)) + ((x43 + x43) * ((x82 + x82) * x82)))) + (((x42 + (x42 + x3)) + mean(v43-v44)) + x42)) + (x16 * x75)); (max(v7-v10) + ((((softplus(softplus(x63)) + x67) + softplus(x16)) * ((((x102 * x102) + (x102 + min(v4-v103))) + min(v74-v103)) + -2.269)) + ((x85 + x85) + (x4 + x85)))); ((min(v1-v103) * 8.478) + (x13 * (((4.336 * min(v1-v85)) * min(v1-v81)) + (min(v1-v19) * x17)))); (softplus(x82) + (((min(v3-v58) + x44) * x84) + ((min(v61-v83) + min(v61-v73)) + ((softplus((softplus(min(v32-v83)) + softplus((min(v61-v73) + softplus((min(v40-v73) + softplus((mean(v41-v42) * x43)))))))) + x82) + x82)))); (-1.303 + (((softplus(min(v6-v71)) + (min(v10-v67) + x82)) + ((tanh(x78) + ((x64 * tanh((min(v1-v103) * x14))) + x44)) * -7.558)) * ((x64 + x67) + (min(v22-v24) + x16)))); (min(v27-v58) + (min(v24-v72) + ((((min(v27-v58) + min(v27-v58)) + (min(v27-v58) + min(v27-v58))) + softplus(softplus(min(v16-v59)))) + (tanh((min(v40-v74) + ((x62 + ((min(v40-v74) + x44) + mean(v45-v46))) + min(v57-v72)))) + min(v8-v74))))); ((min(v61-v83) * (min(v6-v71) + min(v35-v79))) + -15.556)],0.0014396540049987122,0.09800974309401161
9,235,[(((min(v3-v17) + (x13 + x16)) + x63) + ((tanh(((x102 + (min(v8-v71) + (min(v8-v71) + mean(v102-v103)))) * min(v1-v103))) + max(v1-v103)) * (tanh(((x84 * (x84 + min(v10-v103))) + min(v2-v83))) + x60))); (((softplus(min(v5-v103)) + mean(v102-v103)) + x71) + (x68 + ((softplus(softplus(softplus(x69))) + mean(v102-v103)) + sigmoid(((max(v7-v74) + x25) * ((mean(v96-v97) + (mean(v96-v97) + x82)) + (softplus(min(v73-v103)) + x96))))))); (tanh((min(v1-v103) + (((x43 + x43) * ((x82 + x82) * x82)) + (x70 * x7)))) + (((x42 + (x3 + mean(v43-v44))) + (x42 + x42)) + (x16 * x75))); (((max(v7-v9) + (((softplus(softplus(x63)) + x67) + softplus(x16)) * (((x102 + min(v4-v103)) + ((x102 * x102) + min(v73-v103))) + -2.244))) + (x85 + x85)) + (x4 + x85)); ((7.812 * min(v1-v103)) + (x13 * (((3.882 * min(v1-v81)) * min(v1-v81)) + (x18 * min(v1-v19))))); (softplus(x82) + (((x82 + min(v61-v83)) + (softplus((softplus(min(v32-v83)) + softplus((min(v61-v73) + softplus(softplus((min(v40-v73) + (mean(v41-v42) * x43)))))))) + min(v61-v73))) + (((x44 + min(v3-v58)) * x84) + x82))); ((((softplus(min(v6-v71)) + (min(v10-v67) + x82)) + ((tanh(x78) + ((x64 * tanh((min(v1-v103) * x14))) + x44)) * -7.529)) * (x64 + ((min(v22-v24) + x16) + x67))) + -1.284); ((min(v27-v58) + min(v24-v72)) + (((min(v27-v58) + (min(v27-v58) + min(v24-v58))) + min(v27-v58)) + (softplus(softplus(min(v16-v59))) + (tanh(((x62 + ((min(v40-v74) + x44) + mean(v45-v46))) + (min(v40-v74) + min(v57-v72)))) + min(v8-v74))))); (((min(v6-v71) + min(v35-v79)) * min(v35-v79)) + -17.793)],0.001572592993940278,0.0977019684812701
9,237,[((x63 + (min(v3-v17) + x16)) + (x13 + ((tanh(((x102 + ((min(v8-v71) + mean(v102-v103)) + min(v8-v71))) * min(v1-v103))) + max(v1-v103)) * (tanh((min(v2-v83) + (x84 * (min(v10-v103) + x84)))) + x60)))); ((mean(v102-v103) + x68) + ((softplus(softplus(softplus(x69))) + sigmoid(((max(v7-v74) + x25) * ((x82 + mean(v96-v97)) + (softplus(min(v73-v103)) + (mean(v96-v97) + x96)))))) + (softplus(min(v5-v103)) + (mean(v102-v103) + x71)))); (((tanh(((min(v1-v103) + ((x43 + x43) * ((x82 + x82) * x82))) + (x70 * x7))) + (x42 + (x42 + x3))) + mean(v43-v44)) + (x42 + (x16 * x75))); ((x85 + (((softplus(softplus(x63)) + (softplus(x16) + x67)) * (((x102 * x102) + ((x102 + min(v4-v103)) + -2.366)) + min(v74-v103))) + (x85 + x85))) + (max(v7-v10) + x4)); ((x13 * (((min(v1-v81) * min(v1-v87)) * 4.147) + (min(v1-v19) * x18))) + (min(v1-v103) * 9.049)); (min(v61-v83) + (((softplus((softplus(min(v32-v83)) + softplus((softplus(softplus((min(v40-v73) + (mean(v41-v42) * x43)))) + min(v61-v73))))) + (min(v61-v73) + x82)) + ((x84 * (min(v3-v58) + x44)) + x82)) + softplus(x82))); (((((x64 + min(v22-v24)) + x67) + x16) * (softplus(min(v6-v71)) + (x82 + (min(v10-v67) + (-7.620 * ((tanh(x78) + (tanh((min(v1-v103) * x14)) * x64)) + x44)))))) + -1.342); ((((min(v27-v58) + min(v24-v72)) + ((min(v27-v58) + ((min(v27-v58) + min(v27-v58)) + min(v27-v58))) + softplus(softplus(min(v16-v59))))) + tanh(((x63 + min(v40-v74)) + (x44 + ((mean(v45-v46) + min(v40-v74)) + min(v57-v72)))))) + min(v8-v74)); ((((x60 + mean(v102-v103)) + min(v10-v103)) * min(v43-v81)) + -17.567)],0.000473628228485204,0.09760946348066407
9,238,[((x13 + x16) + (x63 + (min(v3-v17) + ((x60 + tanh((min(v2-v83) + (x84 * (min(v10-v103) + x84))))) * (tanh(((min(v8-v71) + (min(v8-v71) + (x102 + x102))) * min(v1-v103))) + max(v1-v103)))))); ((softplus(softplus(softplus(x70))) + softplus(min(v5-v103))) + (mean(v102-v103) + (((x68 + mean(v102-v103)) + x71) + sigmoid((((softplus(x71) + ((x82 + mean(v96-v97)) + x96)) + x96) * (max(v7-v74) + x25)))))); (((tanh((((x43 + x43) * ((x82 + x82) * x82)) + (min(v1-v103) + (x1 * x69)))) + x42) + (x16 * x75)) + ((x3 + (x42 + x42)) + x42)); (max(v7-v9) + ((x4 + (((softplus(x17) + tanh((x67 + softplus(softplus(x63))))) * ((((x102 * x102) + min(v74-v103)) + -2.284) + (x102 + min(v4-v103)))) + x85)) + (x85 + max(v57-v103)))); (((min(v75-v80) + 7.748) * min(v1-v103)) + (((min(v1-v19) * x17) + (min(v1-v93) * (3.564 * min(v1-v81)))) * x13)); (((x82 + x82) + softplus(x82)) + (((softplus((softplus(min(v32-v83)) + softplus((softplus(softplus(((mean(v40-v41) * x44) + min(v40-v73)))) + min(v61-v73))))) + min(v61-v73)) + (x84 * (x44 + min(v4-v66)))) + min(v61-v83))); (-1.244 + ((min(v10-v67) + ((((tanh(x77) + x44) + (tanh((min(v1-v103) * x14)) * x64)) * -7.521) + (x82 + softplus(min(v6-v71))))) * ((x16 + (x64 + x67)) + min(v22-v24)))); (((min(v24-v72) + min(v27-v58)) + (min(v27-v58) + (tanh((min(v40-v74) + (((x56 + min(v57-v72)) + mean(v45-v46)) + (x45 + min(v40-v74))))) + min(v27-v58)))) + (((min(v27-v58) + min(v27-v58)) + min(v8-v74)) + softplus(softplus(min(v16-v59))))); (((mean(v102-v103) + min(v74-v103)) * min(v1-v93)) + -14.862)],0.0005203031442614933,0.09755869017980487
9,240,[(((x13 + x16) + (x63 + min(v3-v17))) + ((x60 + tanh((min(v2-v83) + (x84 * (min(v10-v103) + x84))))) * (tanh(((min(v8-v71) + (min(v8-v71) + (x102 + x102))) * min(v1-v103))) + max(v1-v103)))); (softplus(softplus(softplus(x70))) + ((softplus(min(v5-v103)) + mean(v102-v103)) + (((x68 + mean(v102-v103)) + x71) + sigmoid(((softplus(x71) + (x82 + (mean(v96-v97) + (x96 + x96)))) * (max(v7-v74) + x25)))))); (((tanh((((x43 + x43) * ((x82 + x82) * x82)) + (min(v1-v103) + (x1 * x69)))) + x42) + (x16 * x75)) + ((x3 + (x42 + x42)) + x42)); (max(v7-v9) + (((x4 + (((softplus(x17) + tanh((x67 + softplus(softplus(x63))))) * (((x102 * x102) + (min(v74-v103) + -2.284)) + (x102 + min(v4-v103)))) + x85)) + x85) + max(v57-v103))); (((min(v75-v80) + 7.748) * min(v1-v103)) + ((((min(v1-v19) * x17) + (min(v1-v93) * (3.564 * min(v1-v81)))) * x13) + min(v1-v103))); ((x82 + (x82 + softplus(x82))) + ((softplus((softplus(min(v32-v83)) + softplus((softplus(softplus(((mean(v40-v41) * x44) + min(v40-v73)))) + min(v61-v73))))) + min(v61-v73)) + ((x84 * (x44 + min(v4-v66))) + min(v61-v83)))); (-1.244 + ((min(v10-v67) + (((-7.521 * (tanh(x77) + (x44 + (tanh((min(v1-v103) * x14)) * x64)))) + x82) + softplus(min(v36-v71)))) * (((x16 + x64) + x67) + min(v22-v24)))); (((min(v24-v72) + min(v27-v58)) + ((min(v27-v58) + tanh((min(v40-v74) + ((x56 + (min(v57-v72) + mean(v45-v46))) + (x45 + min(v40-v74)))))) + min(v27-v58))) + ((min(v27-v58) + (min(v27-v58) + min(v8-v74))) + softplus(softplus(min(v16-v59))))); (((mean(v102-v103) + min(v74-v103)) * min(v1-v93)) + -14.862)],0.00014614163522828105,0.09753017957356724
9,243,[((x63 + min(v3-v17)) + ((x13 + x16) + ((tanh(((x84 * (min(v10-v103) + x84)) + min(v2-v83))) + x60) * (tanh(((min(v8-v71) + ((min(v8-v71) + x102) + x102)) * min(v1-v103))) + max(v1-v103))))); (softplus(softplus(softplus(x70))) + (softplus(min(v5-v103)) + ((mean(v102-v103) + ((x68 + mean(v102-v103)) + x71)) + sigmoid(((x82 + (((mean(v96-v97) + x96) + x96) + softplus(x71))) * (max(v7-v74) + x25)))))); (((tanh(((min(v1-v103) + (x1 * x69)) + ((x43 + x43) * ((x82 + x82) * x82)))) + (x42 + (x16 * x75))) + x3) + ((x42 + x42) + x42)); (((max(v7-v9) + (x4 + (((softplus(x17) + x67) + softplus(softplus(x63))) * (((x102 * x102) + (min(v74-v103) + -2.284)) + (x102 + min(v1-v103)))))) + x85) + (x85 + max(v82-v103))); (((min(v76-v81) + 7.748) * min(v1-v103)) + ((((min(v1-v19) * x17) + ((min(v1-v93) * 3.564) * min(v1-v81))) * x13) + min(v1-v103))); (((x82 + x82) + softplus(x82)) + (((softplus((softplus(min(v32-v83)) + softplus((softplus(softplus(((mean(v40-v41) * x44) + min(v40-v73)))) + min(v61-v73))))) + min(v61-v73)) + (x84 * (x44 + min(v4-v66)))) + min(v61-v83))); (-1.244 + ((x64 + (min(v22-v24) + (x16 + x67))) * (min(v10-v67) + (((-7.521 * (tanh(x77) + (x44 + (tanh((x14 * min(v1-v103))) * x64)))) + x82) + softplus(min(v36-v71)))))); ((((min(v24-v72) + min(v27-v58)) + (min(v27-v58) + (tanh((min(v40-v74) + (((x56 + min(v57-v72)) + mean(v45-v46)) + (x45 + min(v40-v74))))) + min(v27-v58)))) + (min(v27-v58) + (min(v27-v58) + min(v8-v74)))) + softplus(softplus(min(v16-v59)))); (-14.862 + ((x98 * x3) + ((min(v40-v74) + min(v74-v103)) * min(v5-v103))))],3.625478662298e-05,0.09751957234287281
9,246,[(((min(v3-v17) + ((tanh((min(v1-v103) * (((min(v8-v71) + min(v8-v71)) + x102) + x102))) + max(v1-v103)) * (x60 + tanh(((x84 * (min(v10-v103) + x84)) + min(v2-v83)))))) + (x13 + x16)) + x63); ((((softplus(softplus(softplus(x70))) + sigmoid(((softplus(x71) + (((x82 + mean(v96-v97)) + x96) + x96)) * (max(v7-v74) + x25)))) + softplus(min(v5-v103))) + ((mean(v102-v103) + x71) + mean(v102-v103))) + x68); (((tanh(((min(v1-v103) + (x69 * x1)) + ((x43 + x43) * ((x82 + x82) * x82)))) + ((x16 * x75) + x3)) + x42) + ((x42 + x42) + x42)); (x85 + ((((((min(v73-v103) + x102) + (min(v4-v103) + -1.913)) + (x102 * x102)) * (tanh((x67 + softplus(softplus(x63)))) + softplus(x17))) + max(v85-v103)) + ((max(v7-v9) + x85) + x4))); (-2.778 + (x3 + ((7.798 * min(v1-v103)) + (x13 * (((min(v1-v87) * 4.526) * min(v1-v82)) + (x17 * min(v1-v19))))))); (softplus(x82) + (((x82 + x82) + softplus((softplus(min(v32-v83)) + softplus((min(v61-v73) + softplus(softplus((min(v40-v73) + (mean(v40-v41) * x44))))))))) + ((min(v61-v73) + (x84 * (x44 + min(v4-v67)))) + min(v61-v83)))); (-1.249 + (((x64 + (x67 + x16)) + min(v22-v24)) * (min(v10-v67) + (((x44 + ((tanh((x14 * min(v1-v103))) * x64) + tanh(x77))) * -7.528) + (x82 + softplus(min(v6-v71))))))); ((min(v24-v72) + ((min(v27-v58) + (min(v27-v58) + tanh((((min(v40-v74) + (min(v57-v72) + mean(v45-v46))) + (x55 + x45)) + min(v40-v74))))) + ((min(v27-v58) + min(v27-v58)) + (min(v8-v74) + min(v27-v58))))) + softplus(softplus(min(v16-v59)))); (x30 + ((x30 + (min(v18-v85) * (x91 + (x74 + x101)))) + -15.139))],0.00032394903420454043,0.09742484426710205
9,258,[((min(v3-v17) + ((tanh((min(v1-v103) * (min(v8-v71) + ((min(v8-v71) + x102) + x102)))) + max(v1-v103)) * (x60 + tanh((((min(v10-v103) + x84) * x84) + min(v2-v83)))))) + ((x13 + x16) + x63)); (((softplus(softplus(softplus(x70))) + sigmoid(((((softplus(x71) + x82) + mean(v96-v97)) + (x96 + x96)) * (max(v7-v74) + x25)))) + softplus(min(v5-v103))) + ((mean(v102-v103) + x68) + (mean(v102-v103) + x71))); (x42 + ((x42 + x42) + (tanh(((min(v1-v103) + (x69 * x1)) + ((x43 + x43) * ((x82 + x82) * x82)))) + ((x16 * x75) + (x3 + x42))))); (((x85 + ((tanh((x67 + softplus(softplus(x63)))) + softplus(x17)) * ((((x102 + min(v73-v103)) + min(v4-v103)) + -1.906) + (x102 * x102)))) + (x85 + (max(v85-v103) + max(v7-v9)))) + x4); (((-3.897 + x3) + ((6.397 * min(v1-v103)) + ((((((min(v1-v87) * 3.696) * min(v1-v81)) + (min(v1-v19) * x17)) * x13) + x6) + x82))) + mean(v102-v103)); ((((x82 + x82) + ((softplus((softplus(min(v32-v83)) + softplus((min(v61-v73) + softplus(softplus((min(v40-v73) + (mean(v40-v41) * x44)))))))) + min(v61-v73)) + (x84 * (x44 + min(v4-v67))))) + softplus(x82)) + min(v61-v83)); (-1.252 + ((((x64 + x67) + min(v22-v24)) + x16) * (min(v10-v67) + ((((x44 + (tanh((x14 * min(v1-v103))) * x64)) + tanh(x77)) * -7.534) + (x82 + softplus(min(v6-v71))))))); ((min(v24-v72) + ((min(v27-v58) + min(v27-v58)) + (((tanh((((min(v57-v72) + mean(v45-v46)) + (x55 + (x45 + min(v40-v74)))) + min(v40-v74))) + min(v27-v58)) + min(v27-v58)) + (min(v27-v58) + min(v8-v74))))) + softplus(softplus(min(v16-v59)))); (min(v1-v101) + (((min(v18-v85) * ((x31 + mean(v96-v97)) + (x91 + x48))) + -14.791) + ((x24 * x102) + x69)))],2.8276266696344932e-06,0.09742153855013115
9,259,[(((x13 + (x16 + x63)) + ((max(v1-v103) + tanh((min(v1-v103) * (min(v8-v71) + ((x102 + mean(v102-v103)) + min(v8-v71)))))) * (x60 + tanh((min(v2-v83) + (x84 * (min(v10-v103) + x84))))))) + min(v3-v17)); (sigmoid((((mean(v96-v97) + min(v73-v103)) + (softplus(x82) + (mean(v96-v97) + x96))) * (max(v6-v74) + x25))) + ((((x71 + x68) + softplus(softplus(softplus(x69)))) + (mean(v102-v103) + softplus(min(v5-v103)))) + mean(v102-v103))); ((((x42 + x42) + (x3 + x42)) + tanh(((min(v1-v95) + (((x43 + x43) * (x82 + x82)) * x82)) + (x7 * x70)))) + (x42 + (x75 * x16))); ((((max(v7-v10) + (x85 + x4)) + (((softplus(softplus(x63)) + x67) + softplus(x16)) * ((x102 * x102) + (min(v4-v103) + ((-2.392 + x102) + min(v74-v103)))))) + x85) + x85); ((min(v1-v103) * 8.570) + ((x13 * ((min(v1-v87) * (min(v1-v82) * 3.568)) + (min(v1-v19) * x18))) + x24)); (softplus(x82) + (x82 + (x82 + ((min(v61-v73) + (softplus((softplus(min(v32-v83)) + softplus((min(v61-v73) + softplus(softplus((min(v40-v73) + (mean(v41-v42) * x43)))))))) + min(v61-v83))) + (x84 * (min(v3-v58) + x44)))))); (-1.518 + (((x64 + (x67 + x16)) + min(v22-v24)) * (softplus(min(v6-v71)) + ((((tanh(x78) + (tanh((min(v1-v103) * x14)) * x64)) + mean(v43-v46)) * -7.846) + (min(v10-v67) + x82))))); (((min(v24-v72) + min(v27-v58)) + (softplus(softplus(min(v16-v59))) + ((min(v27-v58) + (min(v27-v58) + min(v27-v58))) + min(v27-v58)))) + (tanh((((x63 + min(v40-v74)) + ((x44 + min(v57-v72)) + mean(v45-v46))) + min(v40-v74))) + min(v8-v74))); ((min(v75-v96) + ((mean(v96-v97) + ((-15.693 + ((((((x95 + (x97 + x101)) + x102) + x96) * min(v40-v73)) + x32) + min(v1-v103))) + (min(v75-v96) * x17))) + mean(v96-v97))) + x41)],0.000132495364663241,0.09740863150293574
