label,Blue,Green,Red,NIR,SWIR1,SWIR2,longitude,latitude
1,0.17346767,0.18097204,0.1683409,0.068331994,0.0147115635,0.0071081123,116.1966517726567,29.202802021316757
0,0.123364136,0.102386534,0.066746905,0.46648535,0.16757312,0.065260895,116.05000045193309,29.05157975033682
1,0.13237931,0.10899931,0.08490107,0.04908808,0.014959233,0.0077025187,115.94410677099499,29.125476779480678
1,0.13116573,0.12606373,0.09384194,0.046487547,0.009213302,0.004656185,116.47738430089906,28.90150021692097
1,0.13314708,0.1145471,0.08631279,0.048171703,0.013423682,0.006860443,116.47052787551458,29.21461030947893
1,0.16427912,0.16192627,0.14832921,0.06461695,0.016692918,0.008866565,116.0431440265486,29.391353719389993
1,0.1413697,0.13891777,0.13106665,0.0780654,0.010352582,0.0051515237,116.26940606423646,28.855790714357763
0,0.12351274,0.10768666,0.07838737,0.38844472,0.12707917,0.052728817,116.06904607800108,28.952542494783213
0,0.1086278,0.094188675,0.06097621,0.40654933,0.17151107,0.073087245,116.41567647243873,28.8382687383752
1,0.13042271,0.112268545,0.082548216,0.043936554,0.013621818,0.0069842776,116.45529137466018,29.161282556488523
1,0.16489829,0.16727592,0.1511774,0.06347767,0.014488661,0.006736608,116.13227755654685,29.23060863537605
1,0.1291596,0.11340783,0.0932723,0.046933353,0.010823154,0.005027689,116.29454629064624,28.9898719218765
1,0.14382163,0.13161153,0.11355643,0.05894532,0.0140923895,0.006340337,116.18103435928094,29.037866899567867
1,0.13549994,0.11598359,0.09795325,0.06640017,0.013919021,0.006414638,115.92887027014058,29.180328182556526
1,0.16361041,0.16172813,0.14988953,0.06555809,0.015850842,0.0080987895,116.058380527403,29.268699887512057
1,0.12373564,0.10716656,0.07967525,0.0390327,0.009436205,0.0043589817,116.54290125457298,29.186422782898283
1,0.11328399,0.09054794,0.05579992,0.030166134,0.010154446,0.0054239603,116.61375098354596,29.14604605563412
1,0.1108073,0.08864088,0.052332547,0.03150355,0.010104912,0.0056716297,116.64879493551108,29.107192978455394
1,0.10989092,0.08663476,0.050821763,0.027491305,0.0070338114,0.00331877,116.65184223568195,29.14299875546324
1,0.11112927,0.08826938,0.051936276,0.028085712,0.0075539174,0.0039131767,116.69069531286068,29.15975890640308
1,0.106547385,0.08415807,0.048642274,0.027441772,0.007925421,0.0041113123,116.71278823909957,29.130809554779717
1,0.12306693,0.11583499,0.099216364,0.041509394,0.009238069,0.0044332827,116.71202641405685,29.245083311187734
1,0.13235454,0.111624606,0.08388563,0.046091277,0.014265758,0.0075539174,116.4674805753437,29.187946432983725
1,0.11935189,0.10748853,0.08965633,0.066945046,0.0093371365,0.004086545,116.67317333687812,29.267938062469337
1,0.12589036,0.121729515,0.08866565,0.042326704,0.010104912,0.005473494,116.49410736269188,28.830900007956885
1,0.13294894,0.11927759,0.09693781,0.056344792,0.011467094,0.005448727,116.23211078897316,28.936929952934435
1,0.13091806,0.12784696,0.0961948,0.048642274,0.009114235,0.004755253,116.4701227033849,28.87133088496094
1,0.09602143,0.07172506,0.04948435,0.025856687,0.006488939,0.0036407404,116.67553817684474,28.928527409008144
1,0.1356733,0.12883763,0.11078253,0.060926676,0.010426883,0.0048543205,116.46520257228406,29.097041899211728
1,0.13517797,0.12707917,0.10726562,0.055279814,0.0109222215,0.005250592,116.4842680802998,29.069366161769533
1,0.12405761,0.11784111,0.087897874,0.04046918,0.008817031,0.0047057187,116.50271857192793,28.867640786635313
1,0.123215534,0.11952526,0.08485154,0.05012829,0.009163768,0.005077223,116.51624893245523,28.805524131487275
1,0.1468432,0.14761098,0.13297372,0.048642274,0.0099563105,0.0048295534,116.2714724101887,28.88855134381386
1,0.13743176,0.1324536,0.121729515,0.055948522,0.01052595,0.005176291,116.33666414727476,28.713271673346625
1,0.12450342,0.104912765,0.07150216,0.03999861,0.010748853,0.0048295534,116.23641647609524,28.973423605303257
1,0.12450342,0.10466509,0.08257298,0.042722974,0.010847921,0.0052258247,116.28746283626641,28.92668235984533
1,0.1318592,0.10389732,0.074251294,0.047552526,0.016370948,0.008346459,116.16753464068358,29.353503732842743
1,0.15506582,0.14592682,0.121927656,0.054883543,0.01716349,0.008569362,116.06544192034127,29.3473535689667
1,0.1328251,0.10684459,0.077049956,0.06040657,0.017435927,0.007950189,116.32682388507311,29.22250524228302
1,0.12955587,0.11608265,0.08623849,0.038042024,0.010748853,0.0056716297,116.51809398161805,29.174533964049882
1,0.12888716,0.10055378,0.07447419,0.04916238,0.016470017,0.008594128,116.21858100085475,29.378104388346916
1,0.14476277,0.13312231,0.11509198,0.057880342,0.015157368,0.0073805484,116.01624060933293,29.165308718235817
1,0.13782804,0.11603312,0.09072131,0.060183667,0.016569084,0.0073805484,116.23272637776965,29.060140915955476
1,0.13101712,0.12537026,0.101742595,0.04163323,0.009683874,0.00510199,116.58636080064214,29.192369439290406
1,0.11472047,0.095253654,0.06382441,0.062165022,0.012854042,0.0056963963,116.64519456636799,29.316307202452055
1,0.16566607,0.16078699,0.14748713,0.06692027,0.0180551,0.009411437,116.08327739558183,29.450061305696625
1,0.13294894,0.1137298,0.08574315,0.04626465,0.013943788,0.0072567137,115.95596900334773,29.14931829215811
1,0.14280619,0.12581606,0.10199027,0.053793795,0.0153307365,0.007974955,116.08635247751985,29.09273678449851
1,0.1508059,0.14265758,0.12883763,0.06305663,0.015652707,0.007950189,116.03653615012391,29.104422095862994
1,0.13213164,0.10471463,0.0755887,0.04881564,0.015355504,0.0075539174,116.19582539451342,29.36641907698244
1,0.14104773,0.12566747,0.10251037,0.058895785,0.016470017,0.007950189,116.05744670730245,29.218815143957396
1,0.1450352,0.13173537,0.10971755,0.070709616,0.019491583,0.0096095735,116.00609283893749,29.232960520872297
1,0.13587144,0.11192181,0.081186034,0.062833734,0.02023459,0.010253514,116.24904685308341,29.26149867469465
1,0.15167275,0.15115264,0.14218701,0.09723501,0.018996244,0.008222625,116.28591624246091,29.183795445468967
1,0.15400085,0.15622987,0.13317184,0.057162102,0.013894254,0.006835676,116.40921065209963,29.049797019559364
1,0.14179075,0.141444,0.12477585,0.061000977,0.013720886,0.0061174347,116.42506845398242,28.979229801180935
1,0.1613071,0.1616786,0.15256436,0.09161292,0.022364547,0.010823154,116.3192176264148,29.111642446902255
1,0.14320245,0.14255852,0.12992738,0.06379964,0.014860165,0.0071824132,116.40683198181723,29.02997476720587
1,0.15573452,0.15268819,0.14042856,0.094287746,0.02194351,0.0109222215,116.26450820991917,29.21828616456404
1,0.15152414,0.15244052,0.1443665,0.0751429,0.015925143,0.007603451,116.36897147982204,29.077349950330714
1,0.13805093,0.13062085,0.11858412,0.06518659,0.011021289,0.005077223,116.2972149263024,28.802811755234856
1,0.15771589,0.15144984,0.13490553,0.07459803,0.020779464,0.010080146,116.028028739342,29.418490913334303
1,0.13966079,0.13502936,0.11692473,0.06332907,0.01109559,0.005250592,116.0859097162142,28.725108526009166
1,0.13842243,0.13163629,0.10778573,0.06429498,0.013076945,0.0060926676,116.06014078815467,28.701718268232046
1,0.13391486,0.11769251,0.088318914,0.05312509,0.01287881,0.0063155703,115.93208903795112,28.705682718702743
1,0.13968556,0.11486907,0.08745207,0.06461695,0.017956033,0.0087179635,115.9848162292114,28.708656056555768
1,0.13743176,0.12284403,0.095922366,0.05498261,0.0150583,0.0074053155,115.95428996058702,28.7837823929755
1,0.13584667,0.119624324,0.09299987,0.06649924,0.018897176,0.009213302,115.9552810732047,28.811137101223316
1,0.12861472,0.1115503,0.084182836,0.06565716,0.013968555,0.006810909,115.96816553723447,28.919564821596914
1,0.10471463,0.09329707,0.06402254,0.044109922,0.007281481,0.0035664395,116.7229969068554,28.89934612419636
1,0.109197445,0.10424405,0.07600974,0.055428416,0.008321692,0.00453235,116.70931955273149,28.855538946495145
1,0.0992659,0.07997245,0.051861975,0.036828443,0.008594128,0.004581884,116.62011941714078,28.849790493312632
1,0.106770284,0.09047364,0.06327954,0.04477863,0.0087179635,0.004160846,116.65579947137711,29.04385034385331
1,0.11068346,0.09730931,0.06843106,0.059118688,0.008346459,0.0038884098,116.6222998648997,29.002421836434515
1,0.1027085,0.08220148,0.053818565,0.038363993,0.0077768196,0.0039874776,116.68335240214846,28.9960787156814
1,0.11241715,0.10070238,0.07018951,0.059663564,0.008395993,0.0040617785,116.61100118105821,29.000836056246236
1,0.10659692,0.08651093,0.05929206,0.03928037,0.010104912,0.005052456,116.62368742256446,29.035524997864844
1,0.1111045,0.103922084,0.07172506,0.049855854,0.008940866,0.0047800196,116.6534208010947,29.025812094211634
1,0.1113274,0.09542703,0.070239045,0.04527397,0.009782942,0.0048790877,116.57373534663365,28.93403506581497
1,0.11514151,0.09255406,0.06746515,0.049682483,0.013250314,0.0062165023,116.50495213096704,29.00638628690521
1,0.13136385,0.1314877,0.108082935,0.052456383,0.011021289,0.0053001256,116.60564917292278,29.014116965323076
1,0.10035565,0.07697565,0.055750385,0.035614863,0.0065137055,0.0030958676,116.65857458670659,28.93859418385627
1,0.12333937,0.12618756,0.09649201,0.03767052,0.009436205,0.005126757,116.71407689329638,28.913618145890872
1,0.12514736,0.12603897,0.10966802,0.044902466,0.010154446,0.0056716297,116.69375908463405,28.973084902951342
1,0.13398916,0.13683735,0.11536442,0.053669963,0.012829276,0.007132879,116.63597721902362,29.005196951764013
1,0.10954418,0.09869626,0.07051148,0.04089022,0.008247391,0.003838876,116.64905990557693,28.973084902951353
1,0.109296516,0.09188535,0.06602867,0.046190348,0.008643663,0.004235147,116.61536207657599,28.98061735884568
1,0.11254098,0.09240546,0.07028858,0.04841937,0.0089904,0.003863643,116.52774772117355,28.92868305767953
1,0.14342536,0.14367303,0.1253455,0.059514962,0.012433005,0.0060183667,116.39711907816405,28.866441185289563
1,0.12725255,0.11283819,0.091117576,0.04544734,0.010847921,0.0053496594,116.33567009586822,28.946919529844745
1,0.13042271,0.107612364,0.082498685,0.046685684,0.013052179,0.0060679005,116.260741981972,29.019468973458522
1,0.13701072,0.12229916,0.09522889,0.050177824,0.012482539,0.005844998,116.15449470935728,29.078142840424864
1,0.17022319,0.17200641,0.15816168,0.070016146,0.018278003,0.008916099,116.15687337963969,29.220466612322937
1,0.12794602,0.107240856,0.0779168,0.061075278,0.016024211,0.008247391,115.942793054222,29.067042379106894
1,0.14248422,0.12856519,0.10080145,0.04916238,0.013572284,0.0069842776,116.03952564570704,29.157431849838822
1,0.1437721,0.12863949,0.10771143,0.053347994,0.015380271,0.0080244895,116.02247850868304,29.134041592061703
1,0.12789649,0.11023766,0.08316739,0.045373037,0.010674552,0.0054239603,116.25162374588942,28.94017996404454
1,0.13480647,0.11499291,0.0932723,0.055626553,0.013968555,0.0065632397,116.1386369074745,29.124923355979092
1,0.13379101,0.12799555,0.113011554,0.056889664,0.009807709,0.0047800196,116.56322955288631,29.213330601475676
1,0.115760684,0.094238214,0.07009044,0.04995492,0.012705441,0.0060679005,116.59058426113413,29.31154986188722
1,0.1078494,0.08425968,0.05936089,0.055445727,0.014886958,0.0072315205,116.73181780915277,29.441583837326128
1,0.1355247,0.113110624,0.087204404,0.062833734,0.016940588,0.0077768196,115.99056468239387,29.3429681318675
1,0.14238514,0.1284909,0.11244191,0.09971171,0.014117157,0.0062412694,115.95567751825172,29.235927969158645
1,0.15858273,0.15848365,0.15818645,0.13834813,0.015380271,0.007281481,116.08174704321993,29.174677209386346
1,0.15603173,0.15499152,0.15333213,0.12740114,0.01651955,0.008841798,116.06152834581938,29.16159452283304
1,0.15697287,0.15402561,0.14919606,0.11271435,0.01765883,0.009436205,116.08194526574347,29.156044292174062
1,0.15967247,0.15774065,0.1561308,0.12517212,0.016420482,0.008445527,116.09383861715557,29.1647660832096
1,0.1616786,0.16517073,0.17356673,0.13161153,0.018822875,0.008569362,116.26728332524863,29.126707358690886
0,0.1230174,0.10642355,0.07519244,0.39020318,0.13359289,0.05523028,116.00282563845131,28.995122763263268
0,0.13921498,0.12730208,0.12707917,0.32073188,0.3061194,0.1707433,115.93008146605604,28.911445940681418
0,0.12556839,0.11100543,0.08163184,0.37328735,0.14813107,0.063304305,116.07472883775532,28.942982431604225
0,0.12383471,0.10047948,0.06635064,0.46556896,0.15462002,0.059118688,116.0499201315627,29.05062698728741
0,0.12044164,0.09723501,0.06580576,0.36541146,0.11989676,0.047502995,116.13317646759891,28.939618539239124
0,0.12799555,0.1115503,0.08433144,0.33836594,0.13701072,0.058994856,116.04487429301506,29.074594720388742
0,0.1254198,0.113160156,0.090968974,0.3556533,0.16044025,0.07333492,115.98180131116943,29.064503043293442
0,0.12138278,0.107191324,0.08507445,0.32888022,0.15484291,0.073310144,116.14957544287877,28.900092803949207
0,0.1230174,0.10221317,0.07650508,0.29395884,0.167375,0.072616674,115.93680925078624,28.977462328346494
1,0.1373327,0.13401392,0.12096174,0.069917075,0.010971755,0.0053248922,116.37579720443172,28.94550535087805
1,0.14515905,0.12799555,0.118237376,0.0903498,0.013943788,0.006191735,116.13990425232912,29.15490765060549
1,0.14761098,0.14842828,0.13403869,0.06204119,0.015182136,0.0073310146,116.43172191500149,29.029182173459898
1,0.1409982,0.13250314,0.11021289,0.04995492,0.012903577,0.006786142,116.41111807426526,29.11916629422631
1,0.14255852,0.14617449,0.13128956,0.07915515,0.011368026,0.0052258247,116.46620181174376,28.98839497853307
1,0.14419313,0.143995,0.12834229,0.05805371,0.013225547,0.0058697653,116.45148478264646,29.0089988192693
1,0.11841075,0.097358845,0.07489523,0.0450263,0.010996522,0.0048543205,116.36486455424514,28.890842099945182
1,0.15462002,0.15501629,0.14793295,0.09691304,0.022414083,0.010798386,116.30893984367536,29.149441325512207
1,0.14476277,0.13074468,0.1051109,0.09446111,0.019021012,0.008519828,116.37411525824916,29.199058737897424
1,0.13636678,0.11831168,0.0844305,0.074152224,0.020754697,0.00963434,116.39219617971158,29.23858447318734
1,0.15739392,0.1472147,0.14305386,0.10964325,0.018401837,0.00817309,116.25301513310559,29.13388332332362
1,0.15806262,0.16051455,0.16425435,0.09842382,0.017361626,0.007900654,116.18804996180458,29.10003415639981
1,0.16435343,0.1670778,0.17760374,0.13450927,0.022389315,0.0125073055,116.21496110072538,29.165840300792073
1,0.15360457,0.15031056,0.14025518,0.07759483,0.022166412,0.0103030475,116.23157031927806,29.112648752768937
1,0.12814416,0.10097482,0.073409215,0.055527482,0.01627188,0.0071824132,116.3539319040586,29.22533914699977
1,0.12913483,0.1019655,0.07385502,0.056716297,0.016742453,0.008395993,116.19624944944455,29.262762449561503
1,0.15444665,0.14803201,0.14347489,0.091959655,0.017336858,0.008866565,116.10773703158789,29.32247153904202
1,0.14582776,0.13344428,0.111476004,0.06466649,0.020160291,0.010847921,116.04424356319663,29.309856942672894
1,0.14419313,0.1353018,0.10971755,0.058350913,0.015281203,0.007281481,116.13569938687277,29.30060623866887
1,0.1766626,0.18562822,0.19424713,0.11159984,0.022067346,0.0115413945,116.05433524029198,29.24531225791754
1,0.17772757,0.18721332,0.18830305,0.098250456,0.021225268,0.010228747,116.23220104909662,29.192330953167218
1,0.17661306,0.18372117,0.19347934,0.14236037,0.016618617,0.008074023,116.05938107883964,29.25182979937492
1,0.13059609,0.10768666,0.08685766,0.07157646,0.020308891,0.009931544,116.07683127048358,29.204525062990704
1,0.15759204,0.15362933,0.14112203,0.09790372,0.022537917,0.01052595,116.2498614840134,29.24131763573398
1,0.16358565,0.16517073,0.15370364,0.0661525,0.015281203,0.0073557817,116.1769070683453,29.18434170880011
1,0.1649726,0.16685489,0.15001337,0.062214557,0.01651955,0.008395993,116.10668581522384,29.236271797186333
1,0.113581195,0.097680815,0.066697374,0.059316825,0.009560039,0.0044332827,116.5545039863277,29.0933063716696
0,0.11298679,0.085668854,0.058821484,0.27845472,0.13510367,0.05136664,116.32008273713483,29.33971148741315
0,0.11637986,0.09101851,0.062784195,0.30002674,0.15063255,0.054858774,116.3165086014969,29.300606238668866
0,0.13790233,0.1206893,0.106027275,0.22253098,0.23231392,0.13928927,116.38399669207172,29.23564106736788
0,0.15521443,0.13676305,0.12742591,0.2135901,0.18169029,0.16091082,116.38231474588916,29.274536072839343
0,0.13968556,0.13351858,0.10409546,0.31186533,0.19526257,0.08544595,116.2772982311162,29.184236587163696
0,0.12507306,0.10243607,0.073830254,0.34621707,0.17230362,0.06377488,116.20329259908402,29.25424759701233
0,0.12376041,0.10018228,0.070239045,0.35320136,0.120714076,0.047973566,116.34310437550847,29.127050416957
0,0.13141339,0.10454126,0.07407792,0.34351748,0.15566023,0.05758314,115.92661245205457,29.44451775891328
0,0.13146293,0.10629971,0.07873411,0.34572175,0.18253236,0.06840629,115.91946418077873,29.359579476694513
0,0.1320821,0.11462141,0.08859135,0.32637876,0.19721915,0.0839104,116.11362384322683,29.20830944190143
0,0.16177766,0.13594574,0.12806985,0.16128233,0.15110311,0.1170981,115.96266917334297,28.699205356770893
0,0.2098503,0.21522473,0.22597358,0.31065175,0.3242488,0.20546655,116.11215214031708,28.7374696324239
0,0.20920636,0.20420343,0.2102218,0.25943372,0.4136327,0.40010995,116.00093344899597,28.68743173349305
0,0.14290525,0.1115503,0.10362488,0.12249729,0.09636817,0.070016146,115.93775534551393,28.691216112403787
0,0.1633875,0.1630903,0.18448895,0.23436956,0.24578713,0.1925382,115.91673101823207,28.71203019641284
0,0.13453403,0.11920329,0.093495205,0.35134384,0.14877501,0.06739085,115.92503562750844,28.74714082297357
0,0.14349966,0.120515935,0.10917268,0.20871101,0.17750467,0.12888716,115.99714907008523,28.756076162068364
0,0.21111341,0.18045193,0.17354196,0.25581774,0.31676918,0.2653778,115.94406264369853,28.74230522769873
0,0.33306584,0.37043914,0.41799167,0.49660194,0.3625385,0.28675166,115.958569429523,28.727010029601168
0,0.26976153,0.2512606,0.24630724,0.4526654,0.3096363,0.18510813,116.01228658572818,28.734473665786222
0,0.16499737,0.17475554,0.21908836,0.27109894,0.28628108,0.22906944,115.9353375478765,28.837282626194575
0,0.162273,0.18825352,0.24184918,0.3574365,0.43906835,0.26763156,115.9195693024151,28.814786596002975
0,0.16621095,0.16229777,0.171412,0.28481984,0.24818952,0.19882901,116.13149452141634,28.934047092509374
0,0.120515935,0.10013274,0.065632395,0.44048005,0.14884932,0.058004178,116.04618831347015,28.835127632648174
0,0.121828586,0.10421929,0.07457326,0.40548438,0.15372841,0.06501322,116.02915860837184,28.89410087067381
0,0.1561308,0.14934465,0.14788342,0.19729346,0.19669905,0.108182,116.0781452909386,29.30008063048671
0,0.15682428,0.15159845,0.15417421,0.19840796,0.19870517,0.10924698,116.2389813946449,29.161530313699192
0,0.15818645,0.14622402,0.14149354,0.18372117,0.17034702,0.09329707,116.12019394550234,29.34675463705246
0,0.12237346,0.099736474,0.07009044,0.29378545,0.13173537,0.04988062,116.18494887353049,29.30828011812664
0,0.11647893,0.08782358,0.06048087,0.22458662,0.09091944,0.032246556,116.25874426228985,29.309121091217914
0,0.13525227,0.11801448,0.10382302,0.27251065,0.24752082,0.14221178,115.97344414107488,29.162791773336107
0,0.14553055,0.12965494,0.12220009,0.23637569,0.18711424,0.11922806,116.02915860837183,29.33876539268535
0,0.13750605,0.11813831,0.10122249,0.2847455,0.21138585,0.1018169,115.96272173416114,29.323838120315223
0,0.14416836,0.12517212,0.12138278,0.25656074,0.28112954,0.17648922,115.96188076106985,29.294824548666245
0,0.12767358,0.103699185,0.0751429,0.24368194,0.110361494,0.04289634,116.2808198059358,29.216824294450507
0,0.13614388,0.13136385,0.09205872,0.35434064,0.18364687,0.070982054,116.25643158628884,29.233643756276006
0,0.124107145,0.097457916,0.071081124,0.22696425,0.10964325,0.044109922,116.2808198059358,29.363994585423594
0,0.1205407,0.09354474,0.06555809,0.25311816,0.10161876,0.037521917,116.21648536445329,29.312274740310194
0,0.15055823,0.14327675,0.1233889,0.25460416,0.20724976,0.11038626,116.04660880001579,29.428118783633288
0,0.16209963,0.16569084,0.18161598,0.28803954,0.3273942,0.23870379,116.01233914654634,29.35495412469238
0,0.16383332,0.16427912,0.18072437,0.28031224,0.31699207,0.23275971,116.07225847929968,29.397213022528938
0,0.12737638,0.10409546,0.07677752,0.2890302,0.13161153,0.05173814,116.07499164184631,29.37934234433935
0,0.16564131,0.16430388,0.17832197,0.27085128,0.30233005,0.2305307,116.09475450949127,29.41634516035544
0,0.12717825,0.10213887,0.07553917,0.24999751,0.13547517,0.055626553,116.132177812053,29.414242727627254
0,0.12197719,0.09631863,0.071551695,0.22297677,0.12772311,0.0570135,116.15278165278923,29.318792281767568
0,0.13111618,0.10684459,0.07823877,0.25896314,0.14027996,0.06360151,115.96314222070677,29.391746697435654
0,0.13042271,0.10580438,0.078585505,0.30128986,0.16123278,0.064839855,115.98689971053528,29.43884119054704
0,0.12948157,0.11209518,0.07818923,0.3119644,0.18067484,0.077470995,116.01948741782218,29.43863094727422
0,0.13777849,0.12113511,0.08938389,0.29002088,0.16380855,0.07051148,116.01444157927453,29.414032484354433
0,0.15016197,0.14268234,0.16078699,0.30223098,0.344632,0.21103911,116.0119186600007,29.314377173038373
0,0.15266342,0.117766805,0.10652261,0.1592762,0.15558593,0.13951218,116.19735322662679,29.28136897920584
0,0.18102157,0.18738668,0.21326813,0.2824422,0.32751805,0.24682733,116.20665649144902,29.316427044948355
0,0.14830445,0.1450352,0.16611187,0.3253633,0.3218464,0.18783249,116.17590841279929,29.29061968320986
0,0.19669905,0.13824907,0.12465201,0.29101157,0.35902157,0.27228776,116.20555271426673,29.312274740310187
0,0.20239544,0.2072993,0.22215946,0.28075805,0.29755002,0.2542574,116.18778715771352,29.28336629029761
0,0.17195688,0.18401837,0.20578852,0.33883652,0.36843303,0.2926957,116.2045014979026,29.33298370268282
0,0.11286295,0.09119188,0.06176875,0.3833427,0.17869349,0.06263559,116.35903030342433,29.4417845963665
0,0.11789064,0.09002783,0.062214557,0.26223236,0.120193966,0.044332825,116.30604899867402,29.404361293804772
0,0.114646174,0.08933436,0.0628585,0.3238773,0.16266927,0.06171922,116.46373145328803,29.395110589800755
0,0.11420037,0.09225686,0.062288858,0.31349996,0.12754975,0.04591791,116.47003875147259,29.43884119054704
0,0.10773619,0.08589175,0.057162102,0.28652874,0.12777264,0.045695007,116.60543541916783,29.43463632509067
0,0.11816308,0.095451795,0.067910954,0.33935663,0.18065007,0.06365104,116.44102517982361,29.358528260330303
0,0.10605204,0.09052317,0.062313624,0.40439463,0.11670183,0.04737916,116.58651352461415,29.073858868933794
0,0.1050366,0.08237485,0.05577515,0.32736942,0.08730347,0.034277447,116.53899854495712,29.052834541651922
0,0.114002235,0.090424106,0.062412694,0.33269432,0.19142368,0.07566301,116.34809765323774,29.383336966522908
0,0.09654154,0.08452957,0.0540167,0.4328271,0.14803201,0.06114958,116.66556499519398,28.81357769718425
0,0.0994888,0.085198276,0.053620428,0.41345933,0.119723395,0.04646278,116.56002287223899,28.835442997557394
0,0.09953834,0.101693064,0.08311786,0.33685517,0.13034841,0.056245726,116.72233067885502,28.93888268778419
0,0.094386816,0.084405735,0.05329846,0.42301935,0.13735746,0.05490831,116.74545743886507,28.850160026654702
0,0.10372395,0.08661,0.057929877,0.35877392,0.122992635,0.049583416,116.47003875147259,28.716865791687653
0,0.09314847,0.074201755,0.04646278,0.43178686,0.13015027,0.049707253,116.61720904244568,28.755971040431927
0,0.10568054,0.08448004,0.053347994,0.37370837,0.11127787,0.042054266,116.50830302712559,28.891367708127166
0,0.10627495,0.08940866,0.05936636,0.37663087,0.13629247,0.054784473,116.43093350272831,28.808111372090963
0,0.10119772,0.08542118,0.053248923,0.44035622,0.13346905,0.051713374,116.57516038788194,28.87454824630167
0,0.10293141,0.08383609,0.055205513,0.38103938,0.11779157,0.04663615,116.55749995296516,28.948974364879486
0,0.12398331,0.11660276,0.08581745,0.343567,0.18956617,0.082399614,116.53058881404438,29.019195618000932
0,0.110262424,0.08896285,0.05780604,0.39426494,0.106448315,0.039726175,116.25727255938007,28.70088730295343
0,0.11023766,0.09002783,0.058350913,0.40459275,0.12710394,0.048790876,116.27493299429685,28.766903690618502
0,0.101420626,0.084059,0.054883543,0.3655353,0.13136385,0.0540167,116.48896064602627,28.775313421531248
0,0.10134632,0.0991916,0.076059274,0.3475545,0.13876918,0.06157062,116.62688023299533,28.687431733493035
0,0.17824768,0.18463755,0.20930542,0.26218283,0.24831335,0.19669905,116.68995321484094,28.704093512863917
0,0.30777878,0.35580188,0.41353363,0.48253432,0.455365,0.37403035,116.65410673682536,28.702832053227006
0,0.2766715,0.3108994,0.36090386,0.4770113,0.5272882,0.36095342,116.72159482740015,28.69547353867835
0,0.17495367,0.2040796,0.24811523,0.3393814,0.35654488,0.2765972,116.69100443120504,28.71786444723354
0,0.15466955,0.17614248,0.23166998,0.32439741,0.40491474,0.28286323,116.66630084664884,28.719073346052248
0,0.15048394,0.15437235,0.17956033,0.23860471,0.26515487,0.22045055,116.68990065402274,28.69389671413221
0,0.17978323,0.1959808,0.21515042,0.27498734,0.26480815,0.20779464,116.6870623698397,28.71224043968564
0,0.2453661,0.28576097,0.33965385,0.4249512,0.37905803,0.27469015,116.72343445603732,28.725696009146038
0,0.13161153,0.17852011,0.11286295,0.51195747,0.25423265,0.1232403,116.66120244728299,28.682333334127183
0,0.098522894,0.088219844,0.05577515,0.43522945,0.14124587,0.057632674,116.61810257635516,28.707930452592855
0,0.09738361,0.0870558,0.056419093,0.4145243,0.118980385,0.04656185,116.61673599508184,28.745143511881764
0,0.18686658,0.20566468,0.23107557,0.32075667,0.31159288,0.24293894,116.64848272927745,28.72882337782921
0,0.19949771,0.20251928,0.21458077,0.31966692,0.32672548,0.25960708,116.64606493164004,28.71668182882393
0,0.1657899,0.16561654,0.1719321,0.31971645,0.27882624,0.21911313,116.66020379173709,28.739204139424633
0,0.09981077,0.092331156,0.061397247,0.40796107,0.12138278,0.049608182,116.62969223676926,28.72737795532858
0,0.15808739,0.16284265,0.18508336,0.25061667,0.27028164,0.22223377,116.63260936217962,28.73649725728709
0,0.10050425,0.082820654,0.054363437,0.3722719,0.118286915,0.046512317,116.53326941577276,28.747351066246356
0,0.11925282,0.11239238,0.1289367,0.23979352,0.29544485,0.20786893,116.5696415019704,28.76732417716413
0,0.13062085,0.11771727,0.11794017,0.17817338,0.19766496,0.17339335,116.51623971067445,28.745669120063805
0,0.14337583,0.13086852,0.13488077,0.19759066,0.22359595,0.18181412,116.45821256737649,28.74966374224736
0,0.11692473,0.1111045,0.12750022,0.24930403,0.2876185,0.20264311,116.50131243830432,28.690059774403263
0,0.1375556,0.12948157,0.13272604,0.20177627,0.21782525,0.17549855,116.52160091413133,28.78183096298862
0,0.12963018,0.11672659,0.116231255,0.17567192,0.2078194,0.1738144,116.50005097866742,28.732213550603408
0,0.10548241,0.09015167,0.07957619,0.20135523,0.2162897,0.13081898,116.58109976033901,28.724644792781937
0,0.123265065,0.110832065,0.11791541,0.23399806,0.2733775,0.18785726,116.4447569979161,28.764591014617487
0,0.10716656,0.095922366,0.06493892,0.39319995,0.13564853,0.05570085,116.49931512721254,28.794130194448513
0,0.11246668,0.10308001,0.110510096,0.23058023,0.27290693,0.17886685,116.53074649649894,28.688167584947895
0,0.13089329,0.124156676,0.12685627,0.19719438,0.21742898,0.18052624,116.53074649649894,28.724960157691164
0,0.14835398,0.14389592,0.15244052,0.2304564,0.2398926,0.21420927,116.44076237573255,28.7467203364279
0,0.12262113,0.11541395,0.13067038,0.23647475,0.29732713,0.21512565,116.54420206595934,28.75954517606984
0,0.12866426,0.1326022,0.15184613,0.23843135,0.29693085,0.1923896,116.55355789159977,28.78014901680607
0,0.140701,0.13228023,0.14211272,0.22245666,0.23575652,0.19191903,116.59476557307224,28.75586591879551
0,0.105556704,0.092702664,0.06771282,0.3853984,0.14533241,0.0663011,116.47587300229327,28.73505183478646
0,0.105284266,0.08955726,0.06080284,0.37950385,0.13505413,0.056567695,116.46178670301441,28.736208172786966
0,0.10548241,0.08903716,0.058697652,0.38646334,0.12858996,0.053471826,116.45589989137548,28.7962326271767
0,0.10436789,0.08527258,0.054957844,0.4028343,0.12076361,0.046586618,116.44118286227818,28.78992532899214
0,0.103922084,0.08871519,0.05921776,0.41321164,0.14285572,0.059911232,116.48838247702598,28.748717647519676
0,0.11749437,0.11283819,0.08279589,0.3607305,0.210519,0.097358845,116.5158192241288,28.715394088777924
0,0.106448315,0.089532495,0.060456105,0.39384392,0.14112203,0.058697652,116.44202383536944,28.82892545610001
0,0.11789064,0.107191324,0.08034396,0.36023515,0.15226716,0.06741562,116.13759157632798,28.707825330956446
0,0.11885655,0.1079591,0.07856074,0.39329904,0.15301016,0.06736608,116.18426558289373,28.852472702655703
0,0.12066454,0.10838014,0.079799086,0.36974567,0.14196411,0.061422016,116.09302000249042,28.810003561546328
0,0.11112927,0.09436205,0.062387925,0.41779354,0.1295311,0.052332547,116.218745479636,28.735577442968513
0,0.13517797,0.11925282,0.112788655,0.1542485,0.11821261,0.051465705,116.34384022696311,29.02403121327576
0,0.11070823,0.09552609,0.058524285,0.41675332,0.17946126,0.07120496,116.44097261900535,28.96432212379525
0,0.11912899,0.10419452,0.08259775,0.19721915,0.16888577,0.08893809,116.39787274807752,28.910499845953662
0,0.12509783,0.10741422,0.07581161,0.2819221,0.15256436,0.061917353,116.2919101385769,29.07680227475325
0,0.12262113,0.102386534,0.06825769,0.2741205,0.13542564,0.052406847,116.25679951201617,29.06397743511131
0,0.14449033,0.13299848,0.12846613,0.17398776,0.17012413,0.089160986,116.32954368441145,29.057459893653927
0,0.12816893,0.1139527,0.09052317,0.2048226,0.17086713,0.08576792,116.34678363278258,29.073858868933787
0,0.1375556,0.12529595,0.10476416,0.2301592,0.1857273,0.088219844,116.27866481238932,29.142818662418318
0,0.13857104,0.13361765,0.11266482,0.2589879,0.20308892,0.09805232,116.32407735931815,29.087945168212638
0,0.1411468,0.13398916,0.10773619,0.2636441,0.18882316,0.08772451,116.24145175310046,29.21808575408741
0,0.135599,0.12418144,0.1025599,0.2310508,0.18595019,0.08896285,116.272147270932,29.16867858497502
0,0.13114096,0.11291248,0.09054794,0.2252058,0.21148491,0.10875164,116.08692294757873,29.18507756025488
0,0.13176014,0.10850397,0.093916245,0.19372702,0.2460348,0.14964186,115.99126225844621,29.222921349362245
0,0.12660861,0.10639878,0.07789203,0.25497568,0.19310784,0.09146432,115.98117058135092,29.237007648641097
0,0.19543594,0.23008488,0.28556284,0.38953444,0.47651595,0.3882218,116.12813062905118,29.213039915539767
0,0.19461863,0.22810353,0.2738233,0.38371423,0.46504885,0.37962767,116.04634599592471,29.226705728272982
0,0.12985307,0.11340783,0.08252345,0.25735328,0.15907806,0.07080869,116.00408709808816,29.26370854428907
0,0.1291596,0.11271435,0.08306832,0.25812107,0.16569084,0.071873665,116.02090655991366,29.244996893008206
0,0.15429805,0.14788342,0.14245945,0.20697734,0.19293447,0.102163635,116.01733242427574,29.255509056649142
0,0.14478754,0.13881871,0.117321,0.25304383,0.19642662,0.09708641,116.08986635339818,29.266441706835714
0,0.13787757,0.11756867,0.10451649,0.2277568,0.30351886,0.1863217,115.93807071042309,29.221029159906884
0,0.13510367,0.11323446,0.10912315,0.18448895,0.29641077,0.19791263,115.95657211843114,29.19401289934968
0,0.13002644,0.11308586,0.07568777,0.35005596,0.19164659,0.07992292,116.00030271917743,29.192330953167133
0,0.15018673,0.12710394,0.10706749,0.28271464,0.19417281,0.09639294,115.96640099143544,28.70099242458985
0,0.18223515,0.17604342,0.18416698,0.23070405,0.22736052,0.17923835,115.9952043198116,28.706248506410315
0,0.21138585,0.20479783,0.21339197,0.23867902,0.16034117,0.09532796,115.96308965988855,28.717076034960478
0,0.18047671,0.16995075,0.17049563,0.2016029,0.18723808,0.15078114,115.98327301407915,28.727956124328845
0,0.1594248,0.14775957,0.14783387,0.1678208,0.14213748,0.09230639,116.00503319281587,28.682385894945394
0,0.3222179,0.34017393,0.37239572,0.42143428,0.37316352,0.3156299,115.97297109371102,28.717128595778682
0,0.17641492,0.19390039,0.21908836,0.3181809,0.35753557,0.28937694,116.03473005510149,28.725380644236804
0,0.42160764,0.41618368,0.43597248,0.5739739,0.50148106,0.356322,116.03210201419125,28.70719460113799
0,0.18156645,0.20720023,0.2522513,0.34393853,0.41999778,0.30337027,115.94453569106226,28.696051707678603
1,0.14929512,0.14367303,0.11843552,0.06157062,0.015553639,0.0077025187,115.96345758561594,28.7365235376962
1,0.13928927,0.12388424,0.1054081,0.06097621,0.016742453,0.008569362,115.92761110760036,28.73673378096902
0,0.18765911,0.17599389,0.17532519,0.26485768,0.26458523,0.207225,116.04009125855836,28.714763358959466
1,0.4394646,0.44166887,0.45754448,0.5678069,0.5234741,0.38708252,116.02989445982665,28.73294940205828
0,0.20048839,0.20224684,0.21978185,0.30304828,0.33266956,0.27241158,116.0553338958377,28.727798441874224
0,0.13602005,0.13379101,0.11256575,0.37591264,0.16772173,0.07630695,116.03988101528554,28.69132123404018
0,0.15149938,0.1288624,0.11789064,0.18117018,0.1704461,0.13126479,116.04345515092345,28.69931047840729
0,0.14701657,0.12044164,0.11798971,0.16217393,0.16313985,0.13564853,116.01749010673035,28.761437365525214
0,0.12787172,0.111476004,0.0844305,0.36162212,0.17780188,0.08913622,115.99825284726744,28.766272960800045
0,0.15201949,0.13433589,0.12757452,0.2231006,0.19055685,0.14718993,116.04271929946859,28.766903690618502
0,0.2731546,0.29242328,0.3146392,0.369498,0.42616478,0.37103355,115.9426435016069,28.739046456970023
0,0.1915723,0.19184473,0.20890915,0.2604987,0.27738973,0.20581329,115.94821494833658,28.714973602232284
0,0.1378528,0.11516628,0.095749,0.2625791,0.1946434,0.104021154,115.92109356614297,28.76175273043444
0,0.12856519,0.12911007,0.14941896,0.27964354,0.33212468,0.21564576,116.6705057121052,29.088470776394683
0,0.11640462,0.10649785,0.107240856,0.26270294,0.31716546,0.19521303,116.68396128156559,29.039694337100748
0,0.10592821,0.088888556,0.060208436,0.31146905,0.1525396,0.057285935,116.66966473901391,29.403835685622724
0,0.11588452,0.09639294,0.07328538,0.27555698,0.1743345,0.07581161,116.53679099059251,29.32226129576907
0,0.123042166,0.10045472,0.07717379,0.2747892,0.15048394,0.065161824,116.50378279675996,29.354428516510332
0,0.10694365,0.09047364,0.06682121,0.259508,0.14993906,0.07875887,116.68837639029478,29.33466564886537
0,0.14805678,0.150583,0.15330736,0.2127728,0.23417144,0.13089329,116.60722248698676,29.219452335360728
0,0.14010659,0.1298283,0.12539503,0.16509643,0.1985318,0.1111045,116.48023555020427,29.124001889501045
0,0.14877501,0.1474376,0.14295478,0.19828413,0.2129957,0.116280794,116.4276747319996,29.065974746203086
0,0.124850154,0.11214471,0.11261528,0.23313121,0.28930265,0.18733715,116.60007421571093,29.1021365891279
0,0.14533241,0.15580884,0.1613814,0.32652736,0.30564883,0.20613526,116.64632773573103,29.20978114481107
0,0.124206215,0.11784111,0.08970586,0.2684489,0.18292864,0.0786598,116.45626781710294,29.038222634191015
0,0.13676305,0.13649061,0.14728901,0.21884069,0.2007113,0.12636094,116.70351390593773,29.29135553466472
0,0.15325783,0.14788342,0.14342536,0.20720023,0.18832782,0.09594713,116.46509803456132,29.27243364011104
0,0.13810046,0.13166106,0.103055246,0.29002088,0.19310784,0.08321692,116.3128819050406,29.193382169531212
0,0.1409239,0.13131432,0.101321556,0.27986643,0.18629694,0.08400947,116.33264477268555,29.17446027497753
0,0.12383471,0.099043,0.07100682,0.3127074,0.13810046,0.050846532,116.3860465639815,29.34980316450832
0,0.12636094,0.10050425,0.07244331,0.24526702,0.10610158,0.04046918,116.38898996980096,29.295560400121097
0,0.11910422,0.09510505,0.066845976,0.2798169,0.13557424,0.05030166,116.42010597417813,29.408250794351915
0,0.13059609,0.117964946,0.11434897,0.2729317,0.24970031,0.15865703,116.50798766221634,29.269910720837217
0,0.129754,0.11519104,0.09485739,0.2376388,0.20861195,0.11937666,116.49200917348212,29.154276920786934
0,0.1018169,0.089012384,0.06667261,0.2565112,0.18139309,0.08395993,116.74514207395582,29.200950927352686
0,0.12220009,0.10114819,0.06761375,0.4011006,0.13909115,0.05812801,116.10011571294808,29.008157846177948
0,0.13495506,0.11801448,0.11318492,0.27362517,0.3104041,0.17552331,116.25243696410521,28.998486655628284
0,0.1295311,0.10426883,0.09082037,0.14966662,0.10080145,0.041014057,116.25664182956159,29.034228012007464
0,0.12603897,0.10587867,0.077049956,0.28546378,0.22082205,0.10223793,116.23719432682586,28.996594466172915
0,0.12096174,0.0992659,0.0782883,0.18810493,0.15452094,0.072245166,116.27472275102399,28.96884235416085
0,0.12390901,0.106770284,0.07028858,0.35287938,0.17809908,0.07172506,116.16371430297572,29.027289984004447
0,0.12987784,0.108404905,0.09025074,0.16839044,0.1417412,0.06461695,116.14826142242354,29.03159997109723
0,0.09351997,0.0779168,0.047329627,0.4036764,0.111847505,0.042623907,116.645802127549,28.874338003028846
0,0.09701211,0.08737777,0.056220956,0.40295812,0.111253105,0.04443189,116.68028202429127,28.847216620835237
0,0.10548241,0.09498122,0.07945235,0.21487798,0.18401837,0.097680815,116.68259470029228,28.869712651026834
0,0.10461556,0.0962691,0.07680228,0.27684486,0.22322445,0.12393378,116.69436832357013,28.88064530121341
0,0.096665375,0.08477724,0.056419093,0.28241745,0.21069238,0.101420626,116.67513106410722,28.901984993404504
0,0.11058439,0.10387255,0.08311786,0.3214749,0.24492028,0.1362677,116.63991531591009,28.93026271359862
0,0.09834953,0.0845791,0.0510199,0.31595188,0.16660722,0.0695208,116.61437075826262,28.89641354667481
0,0.14686796,0.16732545,0.17601866,0.30376655,0.33603787,0.23503828,116.69195052593271,28.924165658686878
0,0.11519104,0.11407653,0.093173236,0.35783276,0.2721144,0.14872548,116.67628740210773,28.944979742695928
0,0.11207041,0.10711702,0.08928482,0.34054545,0.23540978,0.13294894,116.62677511135892,28.95507141979123
0,0.1437721,0.15759204,0.16631001,0.3050049,0.35255742,0.2544308,116.65189918246077,28.955807271246098
0,0.09567469,0.07920468,0.048840407,0.45001534,0.15714625,0.062313624,116.67502594247082,28.96442724543166
0,0.15546209,0.16361041,0.20868625,0.30418757,0.32105386,0.25413358,116.70908535266747,29.009734670724093
0,0.12732685,0.10154446,0.09669014,0.12108558,0.11667706,0.08938389,116.66535475192119,28.994807398353966
0,0.09243023,0.076158345,0.048840407,0.40384975,0.13564853,0.05651816,116.72821749049396,28.974308679254143
0,0.12876333,0.12371087,0.14567915,0.25230083,0.32412496,0.24501935,116.56937869787947,28.9817723154392
0,0.12759928,0.11836121,0.1299026,0.24375623,0.27815753,0.19759066,116.51177204112713,28.979669882711026
0,0.1311905,0.11350689,0.10946988,0.1678951,0.18604927,0.17453264,116.5712708873348,29.00810528535974
0,0.14540671,0.13844721,0.1621244,0.28712314,0.29980382,0.19875471,116.62346377981206,29.06366207020208
0,0.16222347,0.1956093,0.23241298,0.3658325,0.42913678,0.28316045,116.60643407471375,29.056934285471883
0,0.12564269,0.12792125,0.15412468,0.2713466,0.3374991,0.25918603,116.70982120412235,29.06728876665821
0,0.1393388,0.13272604,0.13943788,0.20821568,0.21975707,0.17465647,116.68459201138408,29.061507076655687
0,0.14966662,0.1524653,0.1777028,0.30059636,0.29821876,0.22446279,116.70340878430135,29.09167698630517
0,0.16420482,0.20477307,0.2730803,0.365139,0.46383527,0.2944294,116.75197498032246,29.083740302756272
0,0.093718104,0.081508,0.050029222,0.4074905,0.115909286,0.044258524,116.69878343229934,28.780043895169662
0,0.14847781,0.1719321,0.21893977,0.3423039,0.38797414,0.2683746,116.6286673008143,28.795917262267476
0,0.12086268,0.11682566,0.14307863,0.2281283,0.2760028,0.2172556,116.58357011879468,28.82745375319028
0,0.14689273,0.14867595,0.16596328,0.26099402,0.25680843,0.20519412,116.66146525137404,28.786613997445254
0,0.12764882,0.11266482,0.11556255,0.21180688,0.27077696,0.22411606,116.35451007305878,28.956963609246586
0,0.112367615,0.09879533,0.06429498,0.42779937,0.12851566,0.050722696,116.15719676151842,28.74587936333662
0,0.115488246,0.10374872,0.07127926,0.4032801,0.14585252,0.06122388,116.19556615880782,28.7006770596806
0,0.113259226,0.09295033,0.059465427,0.42760125,0.13433589,0.05181244,116.13291366350785,28.82125157664212
0,0.12727731,0.11647893,0.088368446,0.38284737,0.14206317,0.059960764,116.08581917039646,28.886426991215917
0,0.116875194,0.10954418,0.08145847,0.38480398,0.15038487,0.066053435,116.2102831879051,28.88495528830618
0,0.110262424,0.090968974,0.05941589,0.38029638,0.1052595,0.04041965,116.28386833339164,28.734421104967996
0,0.10179213,0.087575905,0.056097124,0.42888913,0.15127648,0.061100043,116.54583145132372,28.856782689748485
0,0.112788655,0.091489084,0.060059834,0.38190624,0.12128371,0.04680952,116.45858049310397,28.895257208674305
0,0.122101024,0.10124726,0.093198,0.13438542,0.17752944,0.11187228,116.46940802165413,28.935939281964725
0,0.12398331,0.10330291,0.09686351,0.14238514,0.21111341,0.1471404,116.454480749284,28.982087680348428
0,0.12472632,0.11011382,0.10124726,0.16727592,0.17478031,0.09379241,116.44586077509844,28.946241202332843
0,0.12896146,0.10969278,0.10669599,0.15484291,0.24635677,0.1742602,116.3778470763416,28.92164273941306
0,0.12891193,0.10350105,0.09072131,0.13034841,0.061892588,0.026822597,116.35114618069362,29.008683454359996
0,0.12589036,0.10731516,0.080641165,0.22146599,0.13787757,0.056691527,116.1607708971563,29.12484286259233
0,0.1263857,0.106770284,0.07150216,0.31159288,0.16415529,0.06887686,116.09118037385328,29.126314565502067
0,0.13131432,0.11214471,0.07917991,0.28538945,0.1800309,0.078684576,116.02968421655382,29.123371159682613
0,0.15962294,0.16784556,0.17334382,0.35119525,0.32459554,0.2372673,115.97817461471325,29.11916629422623
0,0.16048978,0.16044025,0.18820399,0.28794047,0.305525,0.23243774,115.92529843159933,29.318161551949125
0,0.14902268,0.13104188,0.12460248,0.2131443,0.20940448,0.16011828,115.97039561361895,29.306703293580505
0,0.15959817,0.14716516,0.1535798,0.30384085,0.2984664,0.18426605,115.95326078688424,29.420234660902608
0,0.15625463,0.13143817,0.1266829,0.19818507,0.19164659,0.14280619,116.04114247492247,29.45481967928128
0,0.18300293,0.17391346,0.17487937,0.22082205,0.1624959,0.1254198,115.99389029935642,29.45119298282516
0,0.16091082,0.141444,0.1383729,0.2081166,0.22042578,0.17842105,116.03099823700893,29.456238821372818
0,0.17274942,0.18255712,0.20876054,0.31538224,0.36556005,0.2939836,116.09149573876253,29.391483893344656
0,0.14513427,0.12259636,0.111154035,0.23308168,0.1948663,0.1372584,116.11336103913568,29.386227811524186
0,0.17827244,0.19392516,0.2310508,0.33732575,0.38708252,0.30884376,116.08581917039643,29.367936646788962
0,0.1382986,0.12363657,0.107983865,0.3002001,0.22441326,0.11613219,116.1451077733313,29.39695021843794
0,0.1295311,0.103055246,0.07677752,0.24809046,0.14654599,0.061000977,116.2395070028269,29.408093111897333
0,0.12021873,0.09527843,0.06872826,0.30024964,0.17975846,0.0719232,116.19977102426417,29.447408603914425
0,0.13609435,0.11838598,0.09837429,0.29108587,0.18991292,0.09451065,116.17811596716383,29.406831652260415
0,0.118237376,0.089532495,0.06295756,0.237936,0.11385363,0.0451749,116.31813798686109,29.435845223909393
0,0.1139527,0.08883902,0.063254766,0.24997275,0.13126479,0.05466064,116.50819790548915,29.41839503226543
